boro_ct,boro_ct_avg_long,boro_ct_avg_lat
1000201,-73.985739095,40.712898332857144
1000202,-73.98220298807692,40.71285852384615
1000600,-73.98966937236843,40.71274520078947
1000700,-74.00764466523809,40.70493087095238
1000800,-73.99393913466666,40.71194735177778
1000900,-74.01170071466666,40.70304308666667
1001001,-73.9783757675,40.7143180725
1001002,-73.976560756,40.718283908000004
1001200,-73.98249647714286,40.71609314380952
1001300,-74.01428766105263,40.7077538568421
1001401,-73.98594342,40.71503879666667
1001402,-73.9857404864,40.7175924024
1001501,-74.0031396657143,40.70916640392857
1001502,-74.00570490357143,40.706861742142856
1001600,-73.99288542125,40.715934569285714
1001800,-73.99035834878788,40.71899079484849
1002000,-73.97677507888889,40.71993796
1002100,-74.01111886,40.715058930625
1002201,-73.98267237296297,40.71989098407408
1002202,-73.98135956,40.721267309230775
1002400,-73.97434798,40.72481386875
1002500,-73.9975336757143,40.710213411428576
1002601,-73.979737865,40.72245485636363
1002602,-73.97862913083334,40.72438079333333
1002700,-73.9984188975,40.7126933825
1002800,-73.97721595030302,40.72675449636364
1002900,-73.999913945,40.7144502225
1003001,-73.98690979666667,40.72096988307692
1003002,-73.98580162625,40.72286894125
1003100,-74.00332639117647,40.71581768058824
1003200,-73.98385380727272,40.72560496242424
1003300,-74.00614388000001,40.719745420624996
1003400,-73.98152792138889,40.72895018055556
1003601,-73.99090284739131,40.722292225217394
1003602,-73.99043320826087,40.72460271086957
1003700,-74.00643893533334,40.726040078333334
1003800,-73.98847094652174,40.72735481347826
1003900,-74.01033775650603,40.721912632409634
1004000,-73.98625995372093,40.73065414395349
1004100,-73.99634962441176,40.719459418235296
1004200,-73.98943586434783,40.731429122608695
1004300,-73.99508314162162,40.723130999999995
1004400,-73.97816854868421,40.73142652763158
1004500,-73.99811024875,40.72117392
1004700,-74.00357739454545,40.72328410121212
1004800,-73.983767293,40.7339303245
1004900,-74.00076007549019,40.72584763490196
1005000,-73.9870119175862,40.736369376724134
1005200,-73.99072715416666,40.73737101958333
1005400,-73.99398717944445,40.73851300111111
1005501,-73.99750951533333,40.727606849333334
1005502,-73.99371856153846,40.72576758538462
1005600,-73.98711431722222,40.742105574444444
1005700,-73.99251507888889,40.73013146222222
1005800,-73.99090395941177,40.74355208588236
1005900,-73.99471418703703,40.73150902555556
1006000,-73.97698733466667,40.734950708
1006100,-73.992697310625,40.73370216625
1006200,-73.97524123,40.739634335
1006300,-73.99694343689654,40.73412147793103
1006400,-73.98139242219513,40.73689265292683
1006500,-74.0000111917544,40.729764065789475
1006600,-73.97933272111112,40.73996739583333
1006700,-74.00417872095238,40.73073207492063
1006800,-73.9841905038,40.740428694799995
1006900,-74.00867313266667,40.73093224377778
1007000,-73.97729807870968,40.743264496129036
1007100,-74.00047759941177,40.73449180215686
1007200,-73.98076085456522,40.74465193630435
1007300,-74.00401983725,40.734080910125
1007400,-73.98427722666666,40.746176678611114
1007500,-74.00803338390625,40.7344981859375
1007600,-73.98749412857141,40.747050065714284
1007700,-74.00383143949152,40.73777522033898
1007800,-73.97481142333334,40.74639495882353
1007900,-74.00755679587301,40.738410484920635
1008000,-73.97800251470588,40.74888609254902
1008100,-73.99853054565217,40.7397033973913
1008200,-73.98107201694444,40.75021242
1008300,-74.00403992304348,40.7424098226087
1008400,-73.98398792181818,40.75159426181818
1008601,-73.97158672928572,40.74536337357143
1008602,-73.9678530375,40.7509400375
1008603,-73.9648763324138,40.75390293310345
1008700,-73.9972866344,40.742419842
1008800,-73.9723262556,40.7492303686
1008900,-74.00275745870968,40.744684412580646
1009000,-73.9702127881579,40.75269709105263
1009100,-73.99479132,40.744637115416666
1009200,-73.973308407,40.7535311615
1009300,-74.00120946119999,40.7472489576
1009400,-73.9781432675,40.755321146875
1009500,-73.99313668250001,40.746920504500004
1009600,-73.98069338777778,40.75631310333333
1009700,-73.99918586153846,40.74977890615385
1009800,-73.96773705179487,40.75578740102564
1009900,-74.00528418568182,40.75037309159091
1010000,-73.97114378666667,40.75825306055555
1010100,-73.991355594,40.749450998
1010200,-73.97414381105263,40.760076249473684
1010300,-73.99724047545455,40.75226646090909
1010400,-73.97747423941176,40.760546814117646
1010601,-73.96142824516129,40.75733223774194
1010602,-73.95933121583333,40.76047256583333
1010800,-73.96532740302327,40.758974355581394
1010900,-73.98914722142857,40.751961627142855
1011000,-73.96304135476191,40.762196122619045
1011100,-73.99577863933334,40.754726738
1011201,-73.975931904,40.763691502
1011202,-73.97224325636363,40.76237956545455
1011203,-73.96929028375,40.761213923125
1011300,-73.988168435,40.754690350000004
1011401,-73.97020310952381,40.765157192380954
1011402,-73.9674320374074,40.76376426925926
1011500,-73.99390541653847,40.75746084692308
1011600,-73.95735771136364,40.76365039181818
1011700,-74.00022044380952,40.76015463047619
1011800,-73.96093486552631,40.76527749868421
1011900,-73.9851174725,40.757274735
1012000,-73.96489218071429,40.76689034464285
1012100,-73.99207653250001,40.75988806821429
1012200,-73.96794390271187,40.76822788949152
1012400,-73.95429402333333,40.766808246
1012500,-73.984872366875,40.760632405625
1012600,-73.9585594367647,40.76845115588235
1012700,-73.99025241607144,40.762391678214286
1012800,-73.9616459306,40.771211144
1012900,-73.99595462733333,40.763323106
1013000,-73.96450649033333,40.772754539500006
1013100,-73.9823061855,40.762806153
1013200,-73.95181429794118,40.76990482617647
1013300,-73.98830943892857,40.764875803928575
1013400,-73.95622614948718,40.771668416153844
1013500,-73.99266944285714,40.76834960061225
1013600,-73.94855543283019,40.77275497698113
1013700,-73.98114534342857,40.765370644
1013800,-73.95387658257143,40.774874067142854
1013900,-73.98649911275862,40.7673464875862
1014000,-73.95824008090909,40.77593062
1014200,-73.96123676036363,40.77723665563636
1014300,-73.96556239714286,40.783159610571424
1014401,-73.94758846125,40.775228821875004
1014402,-73.9462563973913,40.77688153826087
1014500,-73.98413838214286,40.769906860714286
1014601,-73.95218917214287,40.77717009714286
1014602,-73.95094617666666,40.778902175714286
1014700,-73.98863632,40.771322626363634
1014801,-73.95606384333333,40.77880269083333
1014802,-73.95444524105262,40.781186401842106
1014900,-73.98200188111112,40.77227215222222
1015001,-73.95915087388889,40.78010370055555
1015002,-73.9574865102439,40.78236329634146
1015100,-73.98794323782609,40.77441784
1015200,-73.94511539275862,40.77962264241379
1015300,-73.98123381520833,40.77504403354167
1015400,-73.94923503088235,40.78124379088235
1015500,-73.98692808214285,40.77745972
1015601,-73.94767174666667,40.78361122555556
1015602,-73.94637664416666,40.784966680000004
1015700,-73.97945392642858,40.77747929178572
1015801,-73.95213080578948,40.78427399552631
1015802,-73.95043577076923,40.786498466153844
1015900,-73.98388233,40.77973731757576
1016001,-73.95522704863636,40.78553759295455
1016002,-73.95369445,40.78790146875
1016100,-73.97749702809524,40.780142077142855
1016200,-73.9405178475,40.78758763571428
1016300,-73.9821150616,40.7821890504
1016400,-73.94369943380953,40.78745142857143
1016500,-73.97546451043479,40.782847096086954
1016600,-73.94846001133334,40.78916088844444
1016700,-73.98005530056604,40.78484687830189
1016800,-73.95144066916666,40.791426407222225
1016900,-73.97352588071429,40.785330328571426
1017000,-73.94198092478261,40.79064399826087
1017100,-73.9782304501923,40.78731363384615
1017200,-73.94502173578947,40.79361584263158
1017300,-73.9716154667857,40.787948262499995
1017401,-73.9488274644,40.794999586399996
1017402,-73.947310809375,40.796775178749996
1017500,-73.97629558862745,40.78992750333334
1017700,-73.969781795,40.79045893035714
1017800,-73.933573080625,40.7955608565625
1017900,-73.97439328600001,40.7923960364
1018000,-73.93992662633333,40.793988201333335
1018100,-73.96815820095237,40.792685261428566
1018200,-73.941291516875,40.798997578125004
1018300,-73.97258099020833,40.795334562291664
1018400,-73.94448940882353,40.80050523411765
1018500,-73.96672588142857,40.794649434285716
1018600,-73.95013992,40.79833804909091
1018700,-73.97061840788461,40.797505517884616
1018800,-73.93721382928571,40.79755295535715
1018900,-73.96358067977273,40.79741798818182
1019000,-73.94763164705883,40.802079807058824
1019100,-73.9689000709804,40.800063138235295
1019200,-73.93123310363636,40.797609323636365
1019300,-73.96157034622222,40.80042890133333
1019400,-73.93574006928573,40.80055198357143
1019500,-73.96756861795456,40.802789131136365
1019600,-73.93865774911112,40.802532046888885
1019701,-73.96032028923076,40.805248261538466
1019702,-73.957956935,40.802428644375
1019800,-73.94178251853658,40.804091759024395
1019900,-73.96565595435898,40.805461944358974
1020000,-73.94562968096774,40.805647483225805
1020101,-73.96036288181818,40.806312841818176
1020102,-73.95679503193548,40.80499804741935
1020300,-73.96139566444444,40.80969352222222
1020500,-73.96442701035714,40.80945713928571
1020600,-73.93884992777778,40.80835947622222
1020701,-73.95846394466666,40.808965961333335
1020800,-73.9422343575,40.80969376357143
1020901,-73.95432740411763,40.81128377647059
1021000,-73.935990923125,40.8134138175
1021100,-73.95996872583333,40.81375617583333
1021200,-73.93895657,40.81406841
1021303,-73.95305766333334,40.81436308138889
1021400,-73.93646299125,40.81769495625
1021500,-73.94948028352941,40.81337637058824
1021600,-73.95387712,40.80057396913043
1021703,-73.94987174642857,40.81853148214286
1021800,-73.95239302568183,40.80315250818182
1021900,-73.95653107636363,40.816798194545456
1022000,-73.95113055,40.805855205
1022102,-73.94620599931818,40.818847049999995
1022200,-73.94874488756756,40.808254549459456
1022301,-73.95462319625,40.8209685184375
1022302,-73.9571103375,40.82031083
1022400,-73.94647936571428,40.8107971975
1022500,-73.95229718824561,40.823033442456136
1022600,-73.94481252419354,40.813453462903226
1022700,-73.94702306885715,40.82309486342857
1022800,-73.94317683162161,40.8158876272973
1022900,-73.95090577571429,40.82559039693878
1023000,-73.941303524,40.81838024771428
1023100,-73.94473623409091,40.82622438295454
1023200,-73.93965305,40.820988768
1023300,-73.948881766,40.828202583
1023400,-73.93883461190477,40.82386307952381
1023501,-73.94265042842105,40.82905507
1023502,-73.93914227666667,40.827639319999996
1023600,-73.9372453753846,40.826560963846156
1023700,-73.94696532970589,40.83072053911764
1023900,-73.9409162485,40.832665220500004
1024100,-73.94553860454545,40.83390012272727
1024200,-73.93479065765958,40.80521153042553
1024301,-73.93879488115384,40.83571817692307
1024302,-73.93555876,40.831252193333334
1024500,-73.94229353851853,40.83665946648148
1024700,-73.9451231290909,40.837641830454544
1024900,-73.93637913235295,40.83908734294118
1025100,-73.93956309175,40.840134826
1025300,-73.93816883534483,40.8428775737931
1025500,-73.94175840527777,40.84504726333333
1025700,-73.95409762277778,40.80840017851852
1025900,-73.94215142499999,40.823493255
1026100,-73.9345576622,40.8457053386
1026300,-73.9375429945,40.846791044666666
1026500,-73.93970394452381,40.84978189595238
1026700,-73.92821723545454,40.85086196
1026900,-73.930992538,40.850575812
1027100,-73.93420534223881,40.85173917029851
1027300,-73.93751830800001,40.85380826857143
1027500,-73.93884157,40.855053756000004
1027700,-73.92807034,40.85486282970588
1027900,-73.93149579722223,40.85557854462963
1028100,-73.934487972,40.857156866000004
1028300,-73.9288958875,40.85905972125
1028500,-73.92811675291667,40.8613984075
1028700,-73.92901798322582,40.86538999548387
1029100,-73.9238431359375,40.8643544446875
1029300,-73.919824385,40.86605674921052
1029500,-73.92493782117647,40.86753121117647
1029700,-73.92229818,40.86996685666667
1029900,-73.91714151046511,40.86480747534883
1030300,-73.91843934277777,40.86925013138889
1030700,-73.9167944765,40.871357547
1030900,-73.91052098074074,40.87648565777778
1031100,-73.929338394,40.850032258
1031703,-74.01490636717949,40.71569388102564
1031704,-74.01681463041668,40.708198991875
1031900,-74.01580926999999,40.70416911666667
2000200,-73.85906757833332,40.81191714590909
2000400,-73.85286371957747,40.81163340760563
2001600,-73.85875257397059,40.81854878852941
2001900,-73.91712187473685,40.80416579894737
2002000,-73.86519962932203,40.81793375898305
2002300,-73.92586411272727,40.809037839090905
2002400,-73.87335915333334,40.82145426
2002500,-73.92077550142858,40.80699375821428
2002701,-73.91586742583333,40.80494116333333
2002702,-73.91381062064517,40.80647057548387
2002800,-73.87778544807692,40.82192748653846
2003100,-73.90520803869565,40.81111087304348
2003300,-73.91216617361111,40.808420455277776
2003500,-73.9087303727027,40.81087849243243
2003700,-73.911828875,40.811000815
2003800,-73.86346542866666,40.820157204
2003900,-73.92186680416665,40.810018390833335
2004001,-73.8582731535,40.8283433295
2004100,-73.919283725,40.811292269999996
2004200,-73.86111852266666,40.82345455155556
2004300,-73.91713591884616,40.81359527923077
2004400,-73.86613276333334,40.82678195095238
2004600,-73.8692162735,40.8226618375
2004800,-73.87468227928571,40.82668089928571
2005001,-73.8779524064706,40.82515814117647
2005002,-73.87831288333334,40.82693894466667
2005100,-73.92691721830987,40.81320413028169
2005200,-73.88172000722221,40.82558765722222
2005400,-73.87956121166667,40.830109874583336
2005600,-73.87911202615385,40.83258657423077
2005902,-73.92305096142857,40.82469486285714
2006000,-73.87653229333334,40.83910877666667
2006100,-73.92365638142857,40.821958607142854
2006200,-73.8753588875,40.832698306875
2006300,-73.9276997321239,40.82191504743363
2006400,-73.87198116464286,40.83324669428571
2006500,-73.92095296711538,40.817235142115386
2006700,-73.9171308109756,40.81906531707317
2006800,-73.87023752806452,40.82927089645161
2006900,-73.91491723894737,40.821724524912284
2007000,-73.86558893414634,40.82969006414634
2007100,-73.91250588111112,40.81914003066667
2007200,-73.86065420432432,40.83087409513514
2007300,-73.9086711972973,40.8146284372973
2007400,-73.85284051800001,40.819375370399996
2007500,-73.90786573704546,40.819535557045455
2007600,-73.86758570111111,40.83358438222222
2007700,-73.90449725365855,40.8198623195122
2007800,-73.853208394127,40.82938092587302
2007900,-73.90479065058824,40.815055920392155
2008300,-73.90192525522728,40.81425576363636
2008400,-73.84751666379312,40.81535219482758
2008500,-73.89939549325582,40.81647022232558
2008600,-73.85006822466667,40.820919934
2008700,-73.8971113726415,40.81986298622641
2008900,-73.89404879818181,40.818619627272724
2009000,-73.84318593653062,40.821550224285716
2009200,-73.85187061127273,40.83216684381818
2009300,-73.88848880012245,40.81165112522449
2009600,-73.84449926759494,40.83442710278481
2009800,-73.84924863625001,40.82506763625
2011000,-73.83011311375,40.821962545
2011502,-73.88671814267857,40.81934469089286
2011700,-73.88246864706898,40.813411118103446
2011800,-73.80913138687501,40.815662236375
2011900,-73.88936558333333,40.823349551111114
2012101,-73.88908446411766,40.828411346176466
2012102,-73.8883880875,40.82576332875
2012300,-73.88980530821428,40.83093018821428
2012500,-73.89373277941176,40.82869773215686
2012701,-73.89151783464285,40.825863608214284
2012901,-73.8983313459375,40.8226937296875
2013000,-73.81494366545455,40.81952684363636
2013100,-73.89798709229167,40.82603519625
2013200,-73.82062064090908,40.81573596461039
2013300,-73.90290967333334,40.822463686666666
2013500,-73.90141022548387,40.8276315416129
2013800,-73.8092130584,40.8206721324
2014100,-73.91293272,40.823656209999996
2014300,-73.91219969851852,40.82795616703704
2014400,-73.82216327530612,40.82057071979592
2014500,-73.9070799325,40.83126435321429
2014701,-73.90503208583333,40.83391607083333
2014702,-73.90408225307692,40.83613166538461
2014900,-73.9009905873913,40.832976028260866
2015100,-73.89814958883333,40.83113192333334
2015200,-73.82438253523077,40.825912732615386
2015300,-73.89400018299999,40.83356961716667
2015500,-73.89021374423076,40.83531673
2015700,-73.88773897470588,40.83339571941176
2015800,-73.818638658125,40.8244383009375
2015900,-73.89394202733334,40.82203874733333
2016000,-73.81762364525642,40.83132979474359
2016100,-73.88553312361111,40.836604271111106
2016200,-73.82203045461539,40.82888873358974
2016300,-73.89474974000001,40.83787632294118
2016400,-73.8249856277551,40.83225658979592
2016500,-73.9006595597561,40.8430218504878
2016600,-73.82953384770833,40.82972654354167
2016700,-73.90205201511627,40.84038809093023
2016900,-73.902723995,40.837625383461535
2017100,-73.908196316,40.839245966
2017300,-73.91627605906977,40.82681717465116
2017500,-73.9136643475,40.83074720727273
2017701,-73.91118337954545,40.83362642636364
2017702,-73.91036946000001,40.83607966266666
2017901,-73.91526495210526,40.834988612631584
2017902,-73.913669312,40.83701104666667
2018101,-73.91624485857143,40.83144984095238
2018102,-73.91830191352942,40.83207071970588
2018301,-73.92085303280001,40.82877936
2018302,-73.91855294135135,40.828159492162165
2018400,-73.82938541833333,40.837879915583336
2018500,-73.90733568117648,40.82670373670588
2018900,-73.92911915183674,40.83213623591837
2019300,-73.92818685148148,40.83540315185186
2019400,-73.83405514285714,40.83535721321429
2019500,-73.92243679796296,40.83033775333333
2019700,-73.91973098235293,40.834982500882354
2019900,-73.92597545447369,40.83663006131579
2020000,-73.84554598,40.84213108490567
2020100,-73.92530929354838,40.842152451612904
2020200,-73.84783692190476,40.83863154380953
2020400,-73.85072362761905,40.84071353785714
2020501,-73.921065435,40.8479954675
2020502,-73.918385153,40.851747845
2020601,-73.85084098085106,40.83708111468085
2020900,-73.914674998125,40.843026005625
2021001,-73.85795780529412,40.84026367235294
2021002,-73.856606028,40.838249643333334
2021100,-73.92324662145833,40.84023510916666
2021200,-73.86018819692308,40.83635363153846
2021301,-73.91949351266666,40.84574012066666
2021302,-73.92083846076923,40.84298650192307
2021501,-73.91884081869566,40.848831913043476
2021502,-73.91635040972223,40.84800986361111
2021601,-73.86478640380953,40.83778984404762
2021602,-73.86185840916666,40.836801365
2021700,-73.9136950315,40.8479151735
2021800,-73.86845524614036,40.83762977877193
2021900,-73.91946943857144,40.84008407464285
2022000,-73.87385078217392,40.84264607956521
2022101,-73.9180793935,40.838066388
2022102,-73.91623895421053,40.83758463894737
2022200,-73.8550411845098,40.835989397254906
2022300,-73.91502341580646,40.84061984548387
2022401,-73.86849596416667,40.855049620833334
2022403,-73.8658053975,40.85575034
2022404,-73.86641542074074,40.85259841185185
2022500,-73.91081589153846,40.839917285897435
2022701,-73.91084787852941,40.84707834705882
2022702,-73.91258903454546,40.84444789454545
2022703,-73.91028492066667,40.844382722666666
2022800,-73.86351662085714,40.853520444000004
2022901,-73.90676330285714,40.84646549114286
2022902,-73.90737469916667,40.84377675138889
2023000,-73.8654748885294,40.84897381941177
2023100,-73.90248795866667,40.84632167066666
2023200,-73.86320315133334,40.846933828333334
2023301,-73.90858092764705,40.84939962617647
2023302,-73.90540556117648,40.84823381058823
2023501,-73.90465150035713,40.85202454285714
2023502,-73.9031976796875,40.8516931546875
2023600,-73.8668824737037,40.84468346
2023702,-73.89746134235294,40.860435120588235
2023703,-73.899488885,40.86005227
2023704,-73.90177007473685,40.85624798736842
2023800,-73.86240748488889,40.84444618333334
2023900,-73.90337438964286,40.85831891071428
2024000,-73.86921235911112,40.841868450444444
2024100,-73.90636117235294,40.85282768558824
2024300,-73.91152001238095,40.85221683857143
2024400,-73.85725077,40.846064129761906
2024501,-73.91588346374999,40.853073000625
2024502,-73.91383692965518,40.85520561103448
2024600,-73.86115058179487,40.85156479897436
2024700,-73.91683415,40.855583465
2024800,-73.85837599727273,40.854781730303024
2024900,-73.91436458714286,40.85660470142857
2025000,-73.85575820714286,40.85164112057143
2025100,-73.90729294828571,40.856705724142856
2025200,-73.85477859708332,40.846861877916666
2025300,-73.90471203205882,40.86049258882353
2025400,-73.85245579875,40.848500463250005
2025500,-73.90888950285714,40.86038484428572
2025600,-73.84987121763157,40.84454143289474
2025700,-73.91309138,40.86037424
2026100,-73.907172745,40.8650372125
2026300,-73.90451547833334,40.86452756916667
2026400,-73.83249427565217,40.8416387046087
2026500,-73.90065611119047,40.865838065
2026601,-73.83437802653062,40.847198255102036
2026602,-73.83080085879519,40.84586905722892
2026701,-73.90097752956521,40.86926527217391
2026702,-73.89995291944444,40.872056996388885
2026900,-73.90768387727273,40.867731647727275
2027300,-73.90345789823529,40.874312460588236
2027401,-73.82233513090279,40.840780710208335
2027402,-73.81823955625,40.8429069740625
2027600,-73.82602776499999,40.8513726225
2027700,-73.90179647333333,40.87857502533333
2027900,-73.89726762041667,40.8825037025
2028100,-73.89040964260869,40.88380481565218
2028300,-73.9010179224,40.8831281856
2028400,-73.841438554,40.846356136
2028500,-73.902079422,40.886047814
2028600,-73.84825538425,40.848927907749996
2028700,-73.90474323090909,40.88265077030303
2028800,-73.85130419877551,40.85448565183673
2028900,-73.90698127387755,40.87999214551021
2029301,-73.92069248666667,40.88051858
2029302,-73.91493407666667,40.880169566666666
2029500,-73.90788289142857,40.88601164595238
2029600,-73.84421336925926,40.85520774851852
2029700,-73.91208729525,40.88504922725
2030000,-73.83111819289157,40.852164575903615
2030100,-73.91706655125,40.8829281825
2030200,-73.82381106030303,40.862566355151515
2030701,-73.91175061137932,40.889365314827586
2030900,-73.914119406,40.88979727066667
2031000,-73.83638830150376,40.86074944052631
2031200,-73.84234607466666,40.861820549777775
2031400,-73.84557213490567,40.8610022645283
2031600,-73.84872119173913,40.861241372391305
2031800,-73.851503875,40.86158519833334
2031900,-73.90485158,40.91074001
2032300,-73.90624274933334,40.90454573933334
2032400,-73.85974257407408,40.86232912481481
2032600,-73.85551594945206,40.86178179315068
2032800,-73.86324539589744,40.86216208487179
2033000,-73.86586739487805,40.86179353707317
2033201,-73.86940253125,40.85880466625
2033202,-73.86885782095239,40.86348369666667
2033400,-73.878456285,40.858730255
2033500,-73.90502448000001,40.893672565483875
2033600,-73.86892704857144,40.86794182485714
2033700,-73.90188147383562,40.90771391328767
2033800,-73.86563602194445,40.86863521138889
2034000,-73.86292360674419,40.868637364651164
2034200,-73.86015063707318,40.86817589512195
2034300,-73.89827792833334,40.90963812333333
2034400,-73.85714364513514,40.868611638108106
2034500,-73.89846384234374,40.90465821109375
2034800,-73.85314578448718,40.869485355
2035000,-73.84829539205882,40.86875877029412
2035100,-73.89892114,40.895978102916665
2035600,-73.838445646,40.8682414218
2035800,-73.84285433931035,40.87404662043104
2035900,-73.88334686625,40.84029118875
2036000,-73.8427402598305,40.866762663728814
2036100,-73.87997838857143,40.842694583809525
2036300,-73.88262467974683,40.84470152468354
2036400,-73.84898358048781,40.87342107853658
2036501,-73.88600054870967,40.845069838709676
2036502,-73.88743469894737,40.84250635736842
2036700,-73.88875531333333,40.8404836725926
2036800,-73.85581140057143,40.87535745657143
2036901,-73.89201545304348,40.84430578260869
2036902,-73.892836738,40.84225491933333
2037000,-73.85898820232559,40.87319010116279
2037100,-73.88767287196721,40.8469993604918
2037200,-73.86323043857143,40.873342060238095
2037300,-73.8903525788889,40.84846730888889
2037400,-73.8665630965625,40.874402895625
2037504,-73.89284865704225,40.84987552746479
2037600,-73.86920486400001,40.874726377
2037800,-73.866208296875,40.879984831875
2037900,-73.898652265,40.851799450294116
2038000,-73.86255121785715,40.87803973928571
2038100,-73.90103404827586,40.85244978689655
2038200,-73.85439165333334,40.87731627833333
2038301,-73.898727737,40.857193177
2038302,-73.894925565,40.8572485225
2038500,-73.89231760626666,40.8559499576
2038600,-73.84869327428571,40.879761422987016
2038700,-73.88914132545455,40.85784108872728
2038800,-73.85543626518519,40.87948817481482
2038900,-73.8852187182258,40.85637779612903
2039000,-73.8607932273913,40.88121699521739
2039100,-73.88719178391892,40.85309551094595
2039200,-73.864944289375,40.883500248125
2039300,-73.8834899697561,40.851844551463415
2039400,-73.86341194038461,40.886536806538466
2039500,-73.89673103525641,40.848355031282054
2039600,-73.8589368313158,40.88445325
2039700,-73.88602778875,40.861059375625
2039800,-73.85357376029413,40.88271396735294
2039901,-73.8933064169697,40.863497744545455
2039902,-73.89494617742858,40.86032118885714
2040100,-73.89745544222222,40.864618585555554
2040302,-73.89202121,40.86815121722222
2040303,-73.8932068355,40.869758996
2040304,-73.89502046142857,40.867600865
2040400,-73.85153010875,40.8861850665625
2040501,-73.8904549425,40.8676559755
2040502,-73.88864179,40.86593145551724
2040600,-73.85695714416666,40.887857430000004
2040701,-73.89038925210527,40.871416461578946
2040702,-73.88669791145834,40.869006875833335
2040800,-73.86167840294118,40.889943163235294
2040900,-73.89209377652175,40.87740717130435
2041100,-73.88692115612903,40.87581924
2041300,-73.88517949017543,40.87422805315789
2041400,-73.85339507367647,40.90330552132353
2041500,-73.88329257999999,40.87016013923077
2041800,-73.85771965702702,40.89738783972973
2041900,-73.88138109053571,40.8774560725
2042000,-73.86009250592593,40.892781336666665
2042100,-73.88208302055556,40.88122193777778
2042200,-73.85527307962963,40.89110466777778
2042300,-73.87742566,40.87695030652174
2042400,-73.84973085714286,40.889290141785715
2042500,-73.87898464145833,40.87141854375
2042600,-73.8425067169697,40.89052219171717
2042800,-73.84597066529412,40.894858195588235
2042901,-73.87518580071428,40.87455273
2042902,-73.87413255473685,40.87702822
2043000,-73.85095229450981,40.89357930862745
2043100,-73.87653198204545,40.88195321113636
2043400,-73.85323731704545,40.89703383636364
2043500,-73.88536887724138,40.892506283793104
2043600,-73.849931913125,40.89715377375
2044200,-73.84560433303571,40.90357012642857
2044400,-73.84431355551021,40.899700782448974
2044800,-73.84164674966665,40.895670945
2044901,-73.87343532764706,40.89770120215686
2044902,-73.8688138975,40.89932339972222
2045101,-73.86470815243243,40.89779357702703
2045102,-73.86530750078947,40.90061850552632
2045600,-73.82497941463768,40.88948330985507
2045800,-73.84549255473685,40.88553801368421
2046000,-73.84255727027778,40.881743343888886
2046201,-73.82740621153154,40.87594833423423
2046202,-73.83555000359648,40.877390338157895
2048400,-73.8345249752439,40.88602801158537
2051600,-73.78685749583893,40.847636924026844
3000100,-73.99349441328125,40.70002033328125
3000200,-74.01158861157894,40.65304153105264
3000301,-73.99632367515152,40.69650366818182
3000501,-73.99485772521739,40.69553312782609
3000502,-73.99287792428572,40.69506029964286
3000700,-73.996222062,40.692120363
3000900,-73.99181944055556,40.69151591805556
3001100,-73.98732328136363,40.69295904863637
3001300,-73.98817522608695,40.697674076521736
3001500,-73.98346726724138,40.694732338448276
3001800,-74.01450081972222,40.65231378944444
3002000,-74.01619754043477,40.648212220434786
3002100,-73.98664501289855,40.702488160579705
3002200,-74.02144382525,40.6440944795
3002300,-73.98329944153846,40.69912308307692
3002901,-73.97766461875,40.695039175
3003000,-74.02903609157894,40.638734713157895
3003100,-73.97887651533333,40.69181418266667
3003300,-73.97846808533333,40.68866473933333
3003400,-74.03371048477273,40.63732024522727
3003500,-73.97578474583334,40.685790786666665
3003600,-74.0309505183871,40.63465737161291
3003700,-73.98460821794872,40.689343045641024
3003800,-74.035087975,40.63439758545454
3003900,-73.98087792228571,40.68509989857143
3004100,-73.98504713175001,40.686599196
3004300,-73.98987152645833,40.688324487291666
3004400,-74.03536117546666,40.63056409906667
3004500,-73.995332896875,40.68815601708334
3004600,-74.03540866439023,40.627066120487804
3004700,-74.00045151875,40.68808992416667
3004900,-73.99852533259259,40.68785995370371
3005000,-74.03736636571428,40.62419599095238
3005100,-74.003468374375,40.683448076041664
3005201,-74.03793899166666,40.62170027111111
3005202,-74.03790544117648,40.619384800588236
3005300,-74.01089597363637,40.67552046846154
3005400,-74.03526013310345,40.617227230000005
3005601,-74.03485327375,40.61550707791667
3005602,-74.03462245428571,40.61330781642857
3005800,-74.0320963618919,40.61915464324324
3005900,-74.00632813317647,40.67919849929412
3006000,-74.03187387923077,40.62214587384615
3006200,-74.03060502517242,40.62503802172414
3006300,-74.001143361875,40.6820868134375
3006400,-74.02900022405406,40.62887507918919
3006500,-73.99955766819444,40.67876246916667
3006600,-74.027701465,40.63213408866667
3006700,-73.997312015,40.6840374015
3006800,-74.0266888816129,40.635260229354834
3006900,-73.99181210666667,40.68519848733333
3007000,-74.02500069238096,40.63795138857143
3007100,-73.98638987190476,40.6836086
3007200,-74.02025218214285,40.640311832857144
3007400,-74.01709879555555,40.64184495444445
3007500,-73.99223993035088,40.681450074210524
3007600,-74.01489181607143,40.64417982178571
3007700,-73.99569686972973,40.67728287135135
3007800,-74.01234548071429,40.646322857857136
3008000,-74.00998364107143,40.648477321071425
3008200,-74.00765286000001,40.6507650925
3008400,-74.00475824864866,40.653793265405405
3008500,-74.00608862904762,40.675420945238095
3008600,-74.0037436675,40.64796864
3008800,-74.002177624375,40.649472795
3009000,-73.997573088,40.6470241835
3009200,-73.99933819375,40.645309114999996
3009400,-74.00138602064516,40.64333811903226
3009600,-74.005782915,40.6460083953125
3009800,-74.00810322935483,40.643776092903224
3010000,-74.01047066064517,40.64149933032258
3010100,-74.0001380125,40.6585791325
3010200,-74.01273390838709,40.63921700612903
3010400,-74.008444174,40.636670822666666
3010600,-74.00618235966667,40.63895407366667
3010800,-74.0037095809375,40.6411077534375
3011000,-73.99325529800001,40.6444989236
3011200,-73.9956537035,40.64229741175
3011400,-73.99894960228572,40.639224813714286
3011600,-74.00358148037037,40.63577840074075
3011700,-73.99313296333334,40.668457153
3011800,-74.01121970708333,40.63538122791667
3011900,-73.98713371830509,40.67634491677966
3012000,-74.0119186309375,40.6330235790625
3012100,-73.99096284347826,40.67140921
3012200,-74.01733545931035,40.63840455551725
3012600,-74.01905104305555,40.63446750333333
3012700,-73.98248007464285,40.68173897214285
3012801,-74.01358196181819,40.630725203636366
3012901,-73.97870261851853,40.681424336666666
3012902,-73.97612210892858,40.68054122
3013000,-74.0211037,40.632574084285714
3013100,-73.9795143362069,40.67755508896552
3013200,-74.01569994689655,40.62820980172414
3013300,-73.9812786767742,40.675112597741936
3013400,-74.02049644019608,40.62959289666667
3013500,-73.9831623332258,40.6727570083871
3013600,-74.0228618685,40.6269961375
3013700,-73.98528738875,40.6703798340625
3013800,-74.02559730166666,40.624397394666666
3013900,-73.987302543125,40.6679615509375
3014000,-74.01990816255814,40.620521533953486
3014100,-73.98934326451614,40.665520179999994
3014200,-74.02248960227273,40.62270668318182
3014300,-73.99269673157895,40.66337837868421
3014500,-73.99503871465117,40.66153025069767
3014700,-73.98980790210526,40.65970561421052
3014800,-74.01299558407408,40.616725594074076
3014900,-73.98536390465517,40.66245818189655
3015000,-74.0107153988,40.6153446596
3015100,-73.9825844290625,40.6656803715625
3015200,-74.02408360257144,40.615929915428566
3015300,-73.980555761,40.66812055066667
3015400,-74.01871357,40.608611756
3015500,-73.978559948125,40.670503889375
3015700,-73.97624841775,40.6729232155
3015900,-73.97325633574074,40.67534776074074
3016000,-74.02723393477272,40.61909075863636
3016100,-73.97337024948719,40.67896157641025
3016200,-74.03171316703704,40.61356386703704
3016300,-73.97015332272727,40.67831464090909
3016400,-74.02700903,40.61393523
3016500,-73.97404496475,40.66998265025
3016600,-74.01625937363636,40.61869655745455
3016700,-73.97880059250001,40.66427495944444
3016800,-74.0155241447619,40.60457270095238
3016900,-73.98108713079999,40.6592697062
3017000,-74.01285923714286,40.60994774057143
3017100,-73.97683330196078,40.65687958980392
3017200,-74.01030602142858,40.60879971714286
3017400,-74.01100766913044,40.604307813913046
3017500,-73.98612861,40.65100122166667
3017600,-74.00869846541666,40.60294765958333
3017700,-73.96975841952381,40.65746452857143
3017800,-74.00519434499999,40.6065533497619
3017900,-73.97165510161291,40.68453397548387
3018000,-74.00724955357143,40.60798422714286
3018100,-73.97229335205128,40.68759622794872
3018200,-74.00258852642857,40.61246855821429
3018300,-73.97152297125,40.6915004971875
3018400,-74.0072906604,40.6139347332
3018501,-73.97354037181819,40.694294867272724
3018600,-74.00513448952381,40.61561035857143
3018700,-73.97068460909091,40.694378615454546
3018800,-74.0024076403125,40.6173052775
3019000,-74.00058921461539,40.6209212374359
3019100,-73.96434377666667,40.69475754424242
3019200,-73.9991880932,40.628910336
3019300,-73.96183521636364,40.69174587909091
3019400,-74.00095141705883,40.625803387352946
3019500,-73.967508654375,40.691525175
3019600,-74.00432707405405,40.62345968945946
3019700,-73.96676475466667,40.68796972711111
3019800,-74.0067664132,40.6193348224
3019900,-73.96687849999999,40.68426865714286
3020000,-74.00880964111111,40.62062980518518
3020100,-73.96344246735295,40.68388546647059
3020200,-74.01109381846153,40.62193975307692
3020300,-73.965017646875,40.6799231753125
3020400,-74.01322896107142,40.62333531821429
3020500,-73.96508905285714,40.67737482257143
3020600,-74.015247028125,40.6250191425
3020700,-73.96706803240001,40.6749405208
3020800,-74.00997522103448,40.62618836931035
3021000,-74.00841487214286,40.62765657964286
3021100,-73.97436584695653,40.697207768695655
3021200,-74.0064133504878,40.62970804926829
3021300,-73.96062383200001,40.668442710571426
3021400,-74.00276067333333,40.63199946380952
3021500,-73.9628904674074,40.673161468888885
3021600,-73.99995680454545,40.63288646
3021700,-73.95908033944444,40.67259924722222
3021800,-73.99815112969698,40.634586773636364
3021900,-73.955302205,40.671821024
3022000,-73.99582935860465,40.63634947209302
3022100,-73.95415990515153,40.67587712575757
3022200,-73.99328924046512,40.63828570651163
3022400,-73.9902627885294,40.640601472647056
3022600,-73.9862861225,40.641979327083334
3022700,-73.95716012545455,40.68175873363636
3022800,-73.98131801647058,40.638988805588234
3022900,-73.95668622894736,40.685111980526315
3023000,-73.98408611466667,40.637626434333335
3023100,-73.960798065,40.6857603475
3023200,-73.98624057234042,40.6361161093617
3023300,-73.95715565416667,40.688663544166666
3023400,-73.98810148727273,40.63396096030303
3023500,-73.95783606965517,40.69256119758621
3023600,-73.98986987454545,40.63226543333334
3023800,-73.99143890166667,40.63049797194444
3024000,-73.99325474333334,40.62880630972222
3024100,-73.95385673129032,40.692309282580645
3024200,-73.99301715272728,40.62617844121212
3024300,-73.9527046275,40.687650881500005
3024400,-73.98630382551724,40.62177807758621
3024500,-73.951744685,40.68267265785715
3024600,-73.98120379575758,40.61829569515152
3024700,-73.949933911,40.679473296333335
3024800,-73.98959357125,40.62116922291667
3024900,-73.9481982275,40.682787380312504
3025000,-73.99591193115386,40.62337560230769
3025100,-73.94945971869565,40.68788624304348
3025200,-73.99268207476192,40.619908412142856
3025300,-73.95034478346155,40.69266528769231
3025400,-73.98405561866666,40.61681313966667
3025500,-73.951199862,40.696955204
3025600,-73.98590505424242,40.61510754545455
3025700,-73.94700403629629,40.698264380370375
3025800,-73.98762946911765,40.61338717588235
3025901,-73.94630638,40.694898138666666
3025902,-73.94648195,40.69681656
3026000,-73.99223412352941,40.61682436147059
3026100,-73.94577990297297,40.692342534594594
3026200,-73.99694907193549,40.61889501387097
3026300,-73.94495677421052,40.68936276210527
3026400,-73.99755674810811,40.614786179729734
3026500,-73.94480905966665,40.686899068
3026600,-73.99049773764706,40.612709635882354
3026700,-73.944036193125,40.683964476875
3026800,-73.9906310096875,40.610627624375
3026900,-73.94304207791667,40.68136793083333
3027000,-73.99022309291666,40.605962570416665
3027100,-73.93789625341464,40.67879209
3027200,-73.9927084536,40.608199845600005
3027300,-73.93721113129033,40.680914222903226
3027400,-73.9953089969697,40.610893868484844
3027500,-73.93818894903227,40.68385242032258
3027600,-73.99911505625,40.61070302708333
3027700,-73.93877905178572,40.68679182964286
3027800,-74.00082139958333,40.607143285
3027900,-73.93926577724139,40.68974717862069
3028000,-74.00548731607144,40.602626550714284
3028100,-73.94007165107143,40.692771035
3028200,-74.00334109032258,40.60129124806452
3028300,-73.9403863545,40.695233531499994
3028400,-73.99858273476191,40.605848192380954
3028501,-73.9416149525,40.6992750075
3028502,-73.9436363,40.69711784
3028600,-74.00087394521739,40.60031632043478
3028700,-73.93541558961539,40.69568151884615
3028800,-73.9965073604,40.604619915200004
3028900,-73.933108725,40.69308314433333
3029000,-73.99406661217391,40.603433547826086
3029100,-73.93373128821429,40.69028932857143
3029200,-73.9986025136,40.5990301024
3029300,-73.932961085625,40.6874872996875
3029400,-73.99719202071428,40.596290856428574
3029500,-73.93228964580645,40.68460337354839
3029600,-73.9929533762162,40.60093744054054
3029700,-73.93180085897436,40.681223498461534
3029800,-73.98749409565217,40.60107963586957
3029900,-73.92542686971429,40.67821790028571
3030000,-73.9891733665625,40.59756413
3030100,-73.91672695613637,40.67760756136364
3030200,-73.99063629923077,40.59573829333333
3030300,-73.91768538276597,40.675199129148936
3030400,-73.99268808018182,40.593059315272725
3030500,-73.95910213043477,40.677385377608694
3030600,-73.98604490580645,40.5909346983871
3030700,-73.92692697291666,40.675312454583334
3030800,-73.9840176937931,40.58552255103449
3030900,-73.93299348999999,40.67588256086957
3031100,-73.93913797344827,40.67632985103448
3031300,-73.94425391481481,40.67648682074074
3031400,-73.98964364145455,40.58792598290909
3031500,-73.9500894562963,40.67667825925926
3031701,-73.95000643913043,40.67381232826087
3031702,-73.95028268037036,40.67105978888889
3031900,-73.94951393925926,40.66703883740741
3032100,-73.95225792451613,40.66688587548387
3032300,-73.95503683236842,40.666644862894735
3032500,-73.95763163185185,40.66768183185185
3032600,-73.98807387608696,40.57633546630434
3032700,-73.95898280517241,40.66264296
3032800,-73.99768848473684,40.57636215631579
3032900,-73.94781630058823,40.66332059411765
3033000,-74.001017562,40.579096402
3033100,-73.941791286,40.6641396016
3033300,-73.9418574136,40.6658823752
3033500,-73.94206203571427,40.66761572678571
3033600,-74.00393662666666,40.57841707666667
3033700,-73.94241341733333,40.66936148888889
3033900,-73.94230331212121,40.67127045242424
3034000,-73.995855958125,40.5726712375
3034100,-73.94474448157895,40.67342286
3034200,-73.99708793405405,40.57406924
3034300,-73.94021357761905,40.67308979047619
3034500,-73.93362052428571,40.67308752619048
3034700,-73.92796929227273,40.67264981409091
3034800,-73.98286759297298,40.57942001810811
3034900,-73.9297701475862,40.66778385551724
3035000,-73.97876049375,40.57798723
3035100,-73.9325320552,40.66808826
3035200,-73.983915139375,40.574268558125
3035300,-73.93535294413793,40.66862671724138
3035400,-73.97143004944445,40.58077384833334
3035500,-73.93339002689655,40.664288792068966
3035601,-73.96906126285714,40.58079128857143
3035602,-73.969648463,40.577286588
3035700,-73.92665842380953,40.66871197571428
3035900,-73.92377318346153,40.67030666307692
3036001,-73.9657308525,40.575718223125
3036002,-73.96136712,40.57622364642857
3036100,-73.91960687848484,40.6696342330303
3036200,-73.9639573252174,40.578385633043474
3036300,-73.91667861428571,40.672250735714286
3036400,-73.963867115,40.5801621284375
3036501,-73.91105092272727,40.67516098409091
3036502,-73.90838626136363,40.67444497409091
3036600,-73.963397045,40.58264865821428
3036700,-73.90532827119048,40.677711947619045
3036900,-73.90906417566038,40.67927034792453
3037000,-73.9631360752439,40.588108813658536
3037100,-73.91384277674419,40.68018313069767
3037300,-73.9155893296875,40.683993839375
3037401,-73.96740367125001,40.587737979464286
3037402,-73.97186253868422,40.58634649789474
3037500,-73.921447446,40.6873853736
3037700,-73.92026648102564,40.68403425
3037900,-73.91893915921052,40.68038296026316
3038100,-73.92610718515151,40.68103393303031
3038200,-73.9823096075,40.5902839
3038300,-73.92619600967741,40.684505957419354
3038500,-73.92685349758621,40.6873995937931
3038600,-73.975105884375,40.592600590416666
3038700,-73.92801322545455,40.690525634848484
3038800,-73.96902533911765,40.59346121823529
3038900,-73.93742746457143,40.69969889628572
3039000,-73.96457397612245,40.59293180265306
3039100,-73.93352391285714,40.69940352892858
3039200,-73.96327066575,40.59560541725
3039300,-73.92982642804878,40.69585899658537
3039400,-73.96507902083334,40.59858288277778
3039500,-73.92448848942857,40.69322613085714
3039600,-73.96977017030304,40.59731483666667
3039700,-73.91888028666668,40.689074279
3039800,-73.97552228710526,40.59553246684211
3039900,-73.91772941475,40.69032581175
3040000,-73.9754939775,40.597837053125
3040100,-73.91260248484849,40.68655769666667
3040200,-73.98264388425,40.595869588
3040300,-73.90855152916667,40.684440495555556
3040400,-73.9855293865625,40.6026242590625
3040500,-73.90539244444444,40.681642855
3040600,-73.9824757032,40.6006739836
3040700,-73.901983635,40.68084241
3040800,-73.97913294588236,40.60129633882353
3040900,-73.90520196766667,40.69118211833334
3041000,-73.97556745107143,40.60089926642858
3041100,-73.90743774793103,40.687881134482765
3041200,-73.97441647903226,40.60419239677419
3041300,-73.91064023029412,40.6898179882353
3041401,-73.97083170500001,40.60205260083333
3041402,-73.96788396297298,40.602923387567564
3041500,-73.91436362694445,40.692056351944444
3041600,-73.9633787282353,40.60277666058823
3041700,-73.91782449766667,40.69368536033333
3041800,-73.96496044139535,40.60555009604651
3041900,-73.92104318999999,40.69548491321429
3042000,-73.96445109625,40.609075057187496
3042100,-73.92387790366666,40.69718230666667
3042200,-73.96994797326087,40.60679500434783
3042300,-73.92722853047619,40.69900108904762
3042400,-73.976394093125,40.606269869375
3042500,-73.93085195944444,40.70154638694444
3042600,-73.98036539535714,40.60562417892857
3042700,-73.92733251914287,40.703611755714284
3042800,-73.98457926648648,40.60590214135135
3042900,-73.92344039400001,40.701668493142854
3043000,-73.98451921846154,40.60898403269231
3043100,-73.91974275452381,40.69958070142857
3043200,-73.98068632090909,40.610593924999996
3043300,-73.91592651309524,40.69761892166667
3043400,-73.97688214548388,40.610105002903225
3043500,-73.912064808125,40.695268144375
3043600,-73.97746759096773,40.613023474838705
3043700,-73.90842755564103,40.6931997474359
3043800,-73.9710348092,40.6104243144
3043900,-73.90942814333334,40.697433846
3044000,-73.97104114901961,40.61321034686274
3044100,-73.913935959,40.7015300415
3044200,-73.96562373100001,40.612354137666664
3044300,-73.91644873522728,40.703471241818185
3044400,-73.96907149028571,40.61565804714286
3044500,-73.91944929325582,40.7052832327907
3044600,-73.97609186290322,40.61505436354838
3044700,-73.92235763883721,40.706954556744186
3044800,-73.97189483480001,40.6183897428
3044900,-73.93506339541666,40.71854339875
3045000,-73.973223236875,40.623263432499996
3045200,-73.96812885062499,40.620084755625
3045300,-73.93032145552631,40.70592659105264
3045400,-73.96493690730769,40.61841985192307
3045600,-73.96664380037038,40.62594974222222
3045800,-73.9690448471875,40.625655929375
3046000,-73.96560553905661,40.63189856698113
3046201,-73.9732783071875,40.627471568125
3046202,-73.97338656945945,40.62502172783784
3046400,-73.97839537,40.62452090085714
3046800,-73.98162870473685,40.62150585210526
3047000,-73.98694849205128,40.625617898461535
3047200,-73.98403545371428,40.62708740457143
3047400,-73.98270745102565,40.62878684435897
3047600,-73.98079623405405,40.63059612594595
3047700,-73.94221343642857,40.71803309185714
3047800,-73.97930208135135,40.63347155702702
3048000,-73.9744428242857,40.630265037142856
3048100,-73.93842481749999,40.71383438694445
3048200,-73.97006961291667,40.63280613354167
3048400,-73.97374779333333,40.634163984615384
3048500,-73.9361248115873,40.707390563333334
3048600,-73.9783982104,40.6399150464
3048800,-73.976362931,40.640850504666666
3048900,-73.93991565666666,40.703493726666665
3049000,-73.97303758085714,40.63818140828572
3049100,-73.94354036874999,40.70348785725
3049200,-73.9704354528125,40.6416536040625
3049300,-73.94142479961539,40.70745684230769
3049400,-73.97407757794872,40.643030675897435
3049500,-73.94332360717391,40.71243837847826
3049600,-73.98017422304348,40.64372394630435
3049700,-73.94453713375,40.71619235678571
3049800,-73.98265775214286,40.64553394833333
3049900,-73.946750875,40.721183475370374
3050000,-73.97760798266667,40.648213792444444
3050100,-73.94855307326924,40.71580139230769
3050202,-73.97543064133333,40.65342436
3050300,-73.9473676023077,40.71232568948718
3050400,-73.97327319830508,40.64896503677966
3050500,-73.9447399131579,40.707534887368425
3050600,-73.96689355837839,40.648990339459466
3050700,-73.94727623078947,40.701411872368425
3050801,-73.9610773076923,40.650927659230774
3050803,-73.96065487416666,40.653959120833335
3050804,-73.96343459636364,40.65288486090909
3050900,-73.95050388657894,40.70325771973685
3051001,-73.9596043025,40.64606692583333
3051002,-73.96083085142857,40.64888200642857
3051100,-73.94852663516129,40.70792882580645
3051200,-73.96337910208332,40.64641841125
3051300,-73.95208411456142,40.71141333859649
3051400,-73.961299825,40.64275257583333
3051500,-73.95046646847827,40.718551489130434
3051601,-73.9565076190909,40.638591105454545
3051602,-73.95822762875,40.641674308125
3051700,-73.95546662029412,40.71978764323529
3051800,-73.96081714025641,40.63791669641026
3051900,-73.95523746387097,40.715767731182794
3052000,-73.96427393380952,40.637200318333335
3052300,-73.95855869244897,40.71177857346939
3052500,-73.96012107826087,40.70908299913043
3052600,-73.96661313945947,40.63632055054054
3052700,-73.95334713117647,40.70848209156863
3052800,-73.9621758,40.63099309723405
3052900,-73.95483495906977,40.705949032325584
3053000,-73.96372622888889,40.627566271944445
3053100,-73.95399189833333,40.70084382388889
3053200,-73.96035220371428,40.62683458942857
3053300,-73.95719968333333,40.70355909
3053400,-73.96269988133332,40.62258906066666
3053500,-73.96127342135135,40.70621734297298
3053700,-73.95945973157895,40.700223357894735
3053800,-73.95679519864865,40.618182264594594
3053900,-73.96283408333335,40.70269065666667
3054200,-73.96096747387097,40.61286048580646
3054300,-73.96658431210527,40.69716846736842
3054400,-73.95704465965518,40.61320880103448
3054500,-73.9655186724138,40.70499813724138
3054600,-73.95244300594594,40.612778293513514
3054700,-73.96560506,40.708561024594594
3054800,-73.94858704421053,40.60979102447369
3054900,-73.96543814085106,40.71116326957447
3055000,-73.95236400972222,40.60901020083333
3055100,-73.96349524509803,40.713644945490195
3055200,-73.95611636923077,40.60870801589744
3055300,-73.95949260793104,40.71623132103448
3055400,-73.96024251694445,40.607879850555555
3055500,-73.96270672918368,40.71782240571429
3055600,-73.95939689205883,40.603095673235295
3055700,-73.95855412875,40.72106315625
3055800,-73.95528928535714,40.603700793928574
3056000,-73.951321853125,40.604106484375
3056100,-73.95553525666666,40.7267358031746
3056200,-73.9475054946875,40.6045265121875
3056300,-73.957393814375,40.73447124041667
3056400,-73.94292708690476,40.60684279285714
3056500,-73.95749353025641,40.73032284666667
3056600,-73.9413593021875,40.602813011875
3056800,-73.93754554499999,40.602662132999995
3056900,-73.95280530708332,40.723792339999996
3057000,-73.93742178882353,40.599343967450984
3057100,-73.94765054318181,40.724816617045455
3057200,-73.9381854325,40.5962239675
3057300,-73.94905260133334,40.72791804733333
3057400,-73.94429202564103,40.60074310282051
3057500,-73.95317932625,40.732302616
3057600,-73.9474263486842,40.599591314473685
3057800,-73.95143130066667,40.599547840666666
3057900,-73.95105225777777,40.73447215777778
3058000,-73.95552297967743,40.59902478483871
3058200,-73.95916341806452,40.5986238816129
3058400,-73.95902053078947,40.59396689657895
3058600,-73.95433531129032,40.59473191612903
3058800,-73.958404584375,40.589979614375
3058900,-73.94305344285713,40.72803006457143
3059000,-73.95476023791666,40.589907153333336
3059100,-73.9427728631111,40.72285190955555
3059200,-73.95161613863637,40.59308324477273
3059300,-73.93841486842105,40.725848279210524
3059401,-73.94770049402598,40.59319123805194
3059402,-73.94316801033898,40.59451135661017
3059600,-73.94035488888889,40.59109471666667
3059800,-73.93591069525,40.587489295249995
3060000,-73.94552675,40.586871700365855
3060600,-73.95648801,40.586467340645164
3060800,-73.94935387430556,40.584138160555554
3061002,-73.9544649709091,40.57675392363637
3061003,-73.95876141818182,40.58152813090909
3061004,-73.95561400416666,40.57969739944444
3061200,-73.94890496238095,40.580840684047615
3061600,-73.94479684934782,40.577771732173915
3062000,-73.94677027895834,40.57898276791666
3062200,-73.93396868852942,40.584762775
3062600,-73.93459407851851,40.59368056370371
3062800,-73.92602809209302,40.590909354418606
3063200,-73.93166600956522,40.599858840434784
3063600,-73.93619579217392,40.60999618826087
3063800,-73.93896096461539,40.60685726961538
3064000,-73.94011803966667,40.61105444933333
3064200,-73.94663933697674,40.61240305860465
3064400,-73.9427240584091,40.61357570136364
3064600,-73.93949130592593,40.61592479703704
3064800,-73.936384461,40.617537436666666
3065000,-73.93373668363637,40.619907967575756
3065200,-73.93017457057142,40.61482675571428
3065400,-73.9318073859375,40.6129509703125
3065600,-73.93493772709678,40.61294284967742
3065800,-73.93125993645161,40.60807322354839
3066000,-73.9280723659375,40.609045918125
3066200,-73.92445381272726,40.60931371454546
3066600,-73.92702179222222,40.60338326666667
3067000,-73.9229652459091,40.61266821848484
3067200,-73.9279285790909,40.61868785181818
3067400,-73.93009535270271,40.61894469324324
3067600,-73.9274588721212,40.625012109393936
3067800,-73.92292186275863,40.626274005517246
3068000,-73.9251766778125,40.6214208884375
3068200,-73.92410429894737,40.61657280736842
3068600,-73.91734677548388,40.614906227419354
3068800,-73.9190803616129,40.61668140967742
3069000,-73.92067928392858,40.619779365
3069200,-73.92016097151516,40.62361398575757
3069601,-73.91549710387098,40.62606571741936
3069602,-73.9110293913793,40.621790525258625
3069800,-73.91451506785714,40.61541557547619
3070000,-73.90680823693877,40.62014227061224
3070201,-73.90912247512988,40.60895991077922
3070202,-73.90503193,40.594103155
3070600,-73.90220773802197,40.61679981703297
3072000,-73.920615665,40.62852654821428
3072200,-73.92504931268293,40.631914865121956
3072400,-73.92665381939395,40.634067599090905
3072600,-73.93314832333333,40.63177628404762
3072800,-73.92687297871794,40.629465187692304
3073000,-73.92956098795919,40.62621131693878
3073200,-73.9332640982353,40.62786808852941
3073400,-73.93757946111111,40.627769792592595
3073600,-73.9356124782,40.6239424788
3073800,-73.93898781111112,40.62206410277778
3074000,-73.94135283828571,40.62741295228572
3074200,-73.94479954969697,40.62703427818182
3074400,-73.94305622424243,40.62225642090909
3074600,-73.94203891568966,40.618595479482764
3074800,-73.946930520625,40.6218788103125
3075000,-73.94884486451613,40.626511431935484
3075200,-73.95255982124999,40.6261434571875
3075400,-73.950708153125,40.6214630409375
3075600,-73.947836954,40.61670808228571
3075800,-73.951928208,40.61613771
3076000,-73.954715315,40.6213292628125
3076200,-73.95644003580645,40.62572050806451
3076400,-73.95870347448276,40.63150788551724
3076600,-73.95671993222223,40.632978935000004
3076800,-73.96111804373135,40.61834087343284
3077000,-73.95396870870967,40.63595951709677
3077200,-73.95365168345454,40.63175840545455
3077400,-73.94825354366667,40.631043774333335
3077600,-73.94146987939394,40.630733260909096
3078000,-73.93913988652174,40.63465409826087
3078200,-73.94104772791667,40.63776840333333
3078400,-73.94294231291667,40.63445980541667
3078600,-73.94720356481481,40.634458099259255
3078800,-73.9491063996,40.6374249876
3079000,-73.953518144375,40.640699765
3079200,-73.95470218960784,40.644402275490194
3079400,-73.95447668785714,40.64858268047619
3079601,-73.958255945625,40.656560429375
3079602,-73.9576093547619,40.65256359238096
3079801,-73.95860943105264,40.65990282947369
3079802,-73.960911285,40.65743159428571
3080000,-73.95366817655172,40.660636815517236
3080200,-73.9535578188889,40.65766959296296
3080400,-73.94900821235294,40.65915795235294
3080600,-73.94392511515152,40.6617074960606
3080800,-73.94146932333334,40.65777999888889
3081000,-73.94517327333334,40.65910061555555
3081400,-73.94039291850001,40.653926370250005
3081600,-73.94393526548387,40.653122952258066
3081800,-73.94774482689655,40.652408427241376
3082000,-73.95139004421053,40.65351543894737
3082200,-73.9544232935,40.653229019499996
3082400,-73.94938851921053,40.648653295526316
3082600,-73.94897833508475,40.64484354728813
3082800,-73.94965373142857,40.64071899514286
3083000,-73.94518371681818,40.640925451363636
3083200,-73.94171136192307,40.64161534615384
3083400,-73.93849834636363,40.64164465454545
3083600,-73.93501476434783,40.637786928695654
3083800,-73.93509531741935,40.641830194193545
3084000,-73.93149142965517,40.64205675862069
3084600,-73.92718844366667,40.642311768666666
3084800,-73.9277275144,40.646400915200005
3085000,-73.93304517219512,40.64544474829268
3085200,-73.93820294,40.6486333525
3085400,-73.94247772533333,40.644540323777775
3085600,-73.94476279625,40.6485800603125
3085800,-73.9391892872,40.6500602476
3086000,-73.93326633594594,40.65006289594594
3086200,-73.9283014373913,40.65012691
3086400,-73.92371820913044,40.654460119347824
3086600,-73.92668664227273,40.65643924386364
3086800,-73.92974215775,40.654623102749994
3087000,-73.93342274953488,40.65436779953488
3087200,-73.93675611970588,40.65372781941176
3087401,-73.93822683869564,40.66031819826087
3087600,-73.9357747475,40.660667897
3087800,-73.93051995518519,40.65859323814815
3088000,-73.93120498592592,40.66129480962963
3088200,-73.9255607971875,40.6600813209375
3088400,-73.92435569296296,40.66203286407408
3088600,-73.92085040894736,40.65726445403509
3088800,-73.91847196737704,40.65406563491803
3089000,-73.91580486021277,40.65718908234043
3089200,-73.92132289428571,40.66302096238095
3089400,-73.916375465,40.66158686921053
3089600,-73.91250009972973,40.65824124027027
3089800,-73.913772151,40.66288665933333
3090000,-73.91953740839286,40.66615318714286
3090200,-73.91501082833332,40.66742813583333
3090600,-73.90877909644445,40.66964168266667
3090800,-73.904854086875,40.67117171703125
3091000,-73.90333383619047,40.6661084
3091200,-73.90745201307692,40.66601773846154
3091600,-73.9090606714,40.6590740436
3091800,-73.90408315727274,40.661433855
3092000,-73.90309896592592,40.658718425740744
3092200,-73.90639681142856,40.655021143214285
3092400,-73.91143672962264,40.66687261943397
3092800,-73.91180814903227,40.65273747193549
3093000,-73.91554585027778,40.65004099666666
3093200,-73.92989407090909,40.63785827181818
3093400,-73.919107204,40.64856749133333
3093600,-73.92158759555556,40.64881154481481
3093800,-73.92415869525,40.650280455
3094401,-73.92388630491227,40.637718569824564
3094402,-73.920060135,40.636168095
3094600,-73.924029592,40.645237624857145
3095000,-73.91766262314286,40.637277252857146
3095400,-73.91441098447369,40.638940683421055
3095600,-73.91054923162162,40.63557457324325
3095800,-73.91155953585366,40.64085751
3096000,-73.91520496411765,40.64570186882353
3096200,-73.9103215324,40.6447403524
3096400,-73.90732972135135,40.64210227945946
3096600,-73.90311688566666,40.640671649666665
3096800,-73.9038201325,40.643764260833336
3097000,-73.90701936791667,40.64694810625
3097400,-73.89989226472223,40.64676738888889
3098200,-73.89283309888889,40.65105003
3098400,-73.89171769736842,40.64641910578948
3098600,-73.89438849148148,40.6448687337037
3098800,-73.89723601666667,40.64302973266667
3099000,-73.8983260075,40.63903165
3099200,-73.90129494952382,40.63743115571429
3099400,-73.90427132208333,40.63579013416667
3099600,-73.90778267076924,40.633470546153845
3099800,-73.90675230875,40.62989383732143
3100400,-73.90372813090909,40.63062540272727
3100600,-73.90094871655172,40.632299237241384
3100800,-73.89812435363636,40.63396283227273
3101000,-73.89501882058823,40.63583588235294
3101200,-73.89351024566668,40.639725335
3101400,-73.8906138776,40.6414686688
3101600,-73.88817039727273,40.643187240454544
3101800,-73.88434840787879,40.64079305818182
3102000,-73.88709005766667,40.638265931
3102200,-73.89004682461538,40.63666324384615
3102400,-73.89355856869565,40.63279210391304
3102600,-73.89858664038462,40.62961088192307
3102800,-73.89114081311111,40.630751168
3103400,-73.88557153083333,40.635601826666665
3105801,-73.88094005863637,40.64951742181818
3105804,-73.88240296096774,40.64704736064517
3107000,-73.87193785653061,40.65619521020408
3107800,-73.87601009381443,40.65890724103093
3109800,-73.89986752428571,40.653062045714286
3110400,-73.88873854300579,40.65780642942197
3110600,-73.88307741,40.659175985000005
3111000,-73.881523024,40.661178036
3111600,-73.87587566141733,40.664009484330705
3111800,-73.87598963652174,40.66892875217391
3112000,-73.88053049681818,40.666964025681814
3112200,-73.8861716807317,40.66371608512195
3112400,-73.8869384625,40.665991902291665
3112600,-73.89299458157895,40.664902185526316
3112800,-73.891916946,40.66202845666667
3113000,-73.896471682,40.6619778702
3113200,-73.89846481388889,40.66118113583334
3113400,-73.89971327974999,40.667693723999996
3114201,-73.89575593642857,40.681066893571426
3114202,-73.89087655411765,40.68226599529412
3114400,-73.89810891839623,40.67269450801887
3114600,-73.89230781,40.67951523756098
3115000,-73.88655386391304,40.67411694413044
3115200,-73.89091892384616,40.67329921480769
3115600,-73.89576874357142,40.66845364190476
3115800,-73.89219002977778,40.66894426466667
3116000,-73.88857174957447,40.66947131234043
3116200,-73.8850559973913,40.669973195652176
3116400,-73.88120347672726,40.67055961709091
3116600,-73.88229473265307,40.67462689755102
3116800,-73.88271000323529,40.67928669558824
3117000,-73.88628553545455,40.67731836272728
3117201,-73.88727824257143,40.68108428542857
3117202,-73.88391464605263,40.68276675052632
3117400,-73.88016847326922,40.68352567519231
3117601,-73.8770587252,40.6851419356
3117602,-73.87461656153846,40.68631533846154
3117800,-73.8737853305,40.681369327
3118000,-73.87906066,40.68695852
3118201,-73.87160818548388,40.68711004741935
3118202,-73.86887512846154,40.68770898961539
3118400,-73.86949105232557,40.68464400046511
3118600,-73.86772362933334,40.68137563933333
3118800,-73.86599018673077,40.67890267307693
3119000,-73.87103068870968,40.679140339354845
3119200,-73.87802961391304,40.676574611304346
3119400,-73.8770633875926,40.6725187025926
3119600,-73.8729570693617,40.675428896382975
3119800,-73.89421012862068,40.67614146402299
3120000,-73.8675507849091,40.675132713636366
3120200,-73.86422068166667,40.67650984904762
3120800,-73.8657912290196,40.67118772990196
3121000,-73.8716493275,40.668675775
3121400,-73.86584551333333,40.66782177166667
3122000,-73.86509535990099,40.665311546039604
3123700,-73.95692981531916,40.696644559999996
3150200,-73.980516335,40.65394498351852
3152200,-73.96773381875,40.644326893750005
4000100,-73.95164784276595,40.743768594893616
4000200,-73.86612126571428,40.69331665
4000400,-73.8648140945283,40.68959007849056
4000600,-73.86352714508475,40.685768654237286
4000700,-73.95142614405405,40.74503587171171
4000800,-73.85821256326086,40.68732289695652
4001000,-73.858977003125,40.69070637875
4001200,-73.86059953295081,40.69441900131147
4001400,-73.85485782206898,40.695310172758624
4001600,-73.85477646068182,40.68975833113637
4001800,-73.8517941692683,40.690118214390246
4001900,-73.9448884192233,40.74922853262136
4002000,-73.84924811875,40.6907359109375
4002200,-73.85115329043478,40.696023753695656
4002400,-73.84639656666667,40.69736504766667
4002500,-73.94481723954546,40.755396206363635
4002600,-73.8434185063889,40.69785851583333
4002800,-73.84387073169812,40.69239191528302
4003000,-73.84716745541667,40.691110153333334
4003100,-73.93406519300001,40.753510069499995
4003200,-73.84764338275862,40.68704220068965
4003300,-73.93813072068627,40.754163242843134
4003400,-73.8589066732787,40.68458803639344
4003600,-73.85707560068965,40.68361649189655
4003700,-73.94419104,40.76151569666667
4003800,-73.84727616785715,40.68475929619048
4003900,-73.94053705666667,40.763374561111114
4004001,-73.84660552717949,40.68309458974359
4004002,-73.8444016247826,40.68170656521739
4004200,-73.85740983874999,40.681933797142854
4004300,-73.93794520866666,40.759929873333334
4004401,-73.85922668042856,40.677014365
4004500,-73.93452851807693,40.76507998769231
4004700,-73.93247756000001,40.75998757684211
4005000,-73.853793995,40.676669419999996
4005100,-73.932470724375,40.75568407875
4005200,-73.8545871839394,40.68077612878788
4005300,-73.9292752544186,40.76047549209302
4005400,-73.84924973694916,40.679106778050844
4005500,-73.92802194921052,40.75378715
4005700,-73.92550978854167,40.75676000875
4005800,-73.84849017722223,40.67367473611111
4005900,-73.92412125111112,40.75955788185185
4006100,-73.92210467066667,40.762156884666666
4006201,-73.84756582696969,40.66700171575758
4006202,-73.8539376459434,40.665608379905656
4006300,-73.920328761875,40.7644100775
4006501,-73.91791901478261,40.768012103913044
4006502,-73.91541739481482,40.76635392666667
4006900,-73.9227673681579,40.77186987447368
4007100,-73.9235460916,40.7691943958
4007300,-73.92524068612904,40.76687714096774
4007500,-73.92754181,40.76460912473684
4007700,-73.93171525035714,40.76673446821429
4007900,-73.9298304240625,40.769099060625
4008100,-73.93331364941177,40.77039849176471
4008300,-73.92849645047619,40.77252959166667
4008500,-73.94021565275862,40.76051225310344
4008600,-73.84108211208334,40.67658161625
4008700,-73.93423365363637,40.774904086363634
4008800,-73.83932262705882,40.67133159129412
4009100,-73.92842579038462,40.77540931807692
4009400,-73.83586784064516,40.68144705645161
4009500,-73.92110861583333,40.77466235083333
4009600,-73.83221484581395,40.68046334372093
4009700,-73.91929014209302,40.77695307627907
4009800,-73.83103770896551,40.68570587482758
4009900,-73.92227448,40.7781072075
4010000,-73.8287032602439,40.68062548731707
4010100,-73.91667073113636,40.778714208636366
4010200,-73.82304161535714,40.67864105696429
4010300,-73.91545602510638,40.78117951425532
4010400,-73.82634714800001,40.682458010000005
4010500,-73.91306947833333,40.78258163866666
4010600,-73.82498848333333,40.68564228363637
4010701,-73.901641154,40.779176076
4010800,-73.83053715464287,40.68825695892857
4011000,-73.8350221184375,40.687277440624996
4011100,-73.90698297103448,40.7784938962069
4011200,-73.83898390766667,40.684466674666666
4011300,-73.90837122172414,40.77617045275862
4011400,-73.84142595117648,40.68776006117647
4011500,-73.91349302757575,40.7741357839394
4011600,-73.83865908230769,40.68885954538462
4011700,-73.91025073166666,40.772380892
4011800,-73.83417081194445,40.690863781666664
4011900,-73.90592999789475,40.77118758368421
4012000,-73.82846755410256,40.691493776410255
4012100,-73.90350448166667,40.77274362666667
4012200,-73.83091484302327,40.696010511860464
4012301,-73.89981648550848,40.7755856398305
4012400,-73.83400794294118,40.69492561470588
4012500,-73.91544899259259,40.77115074370371
4012601,-73.83729385157895,40.69330548947369
4012602,-73.84072182588235,40.692803298823534
4012800,-73.84043209942858,40.69881712714286
4013000,-73.83784267777777,40.70055687288889
4013200,-73.834542044,40.70139995566667
4013400,-73.8352509682353,40.70517858441176
4013500,-73.89900147136363,40.770631699545454
4013600,-73.8288876862963,40.706354451481474
4013700,-73.90501110225,40.769270472749994
4013800,-73.82560815648648,40.70715496081081
4014000,-73.82893645499999,40.70365370672413
4014100,-73.90673565692308,40.76705688384615
4014201,-73.82459295942857,40.70093511257143
4014202,-73.82036889673077,40.699947872692306
4014300,-73.91166270882353,40.766255848823526
4014400,-73.82849111030303,40.698295116666664
4014500,-73.90774958875,40.763976001875
4014700,-73.91069610542857,40.76293472857143
4014800,-73.82239555527778,40.694434299444445
4014900,-73.91465424249999,40.761808907500004
4015000,-73.82124411409092,40.69334424977273
4015100,-73.91091947629629,40.76039781111111
4015200,-73.81386674459459,40.69362161216216
4015300,-73.91348498851852,40.75810906444445
4015400,-73.82076689333334,40.692184457179486
4015500,-73.917263022,40.760288456
4015600,-73.81996821219512,40.69050072804878
4015700,-73.92210427296297,40.75494180925926
4015801,-73.81231041214286,40.68901595535714
4015802,-73.81987693698113,40.68768336490566
4015900,-73.91857486379311,40.755530534827585
4016100,-73.91461740666666,40.754841718
4016300,-73.90996778043478,40.756621258260864
4016400,-73.81653055575757,40.68491782545455
4016600,-73.82071022699999,40.6814884045
4016800,-73.81718303578948,40.67917345596491
4016900,-73.91442901277777,40.74820729305556
4017000,-73.81296683405405,40.68409707675676
4017100,-73.92221668,40.749777917692306
4017200,-73.81149045131579,40.682132293421056
4017400,-73.81085435725001,40.68056335
4017600,-73.80989408930233,40.67880557116279
4017800,-73.80937460023809,40.67675505142857
4017900,-73.93010240701298,40.74474651
4018000,-73.80545619258064,40.67562757645162
4018101,-73.92410020125,40.744612082083336
4018102,-73.922251145,40.744397847083334
4018200,-73.79839127738094,40.67569174404762
4018300,-73.91974591,40.74465140265306
4018401,-73.7925248413158,40.67516533263158
4018402,-73.79460702644444,40.67863062133333
4018501,-73.92250689086957,40.73865362478261
4018502,-73.92227960466667,40.740570729
4018600,-73.79868323000001,40.679941287894735
4018700,-73.92435891472222,40.73690706527778
4018800,-73.79909321194445,40.681832576388885
4018900,-73.92733614866667,40.74010582444445
4019000,-73.79514690073171,40.6852268402439
4019200,-73.80041204418605,40.68387549
4019400,-73.80369010455883,40.686039195588236
4019600,-73.80005403559322,40.68942307271187
4019800,-73.8028396884091,40.69201969147727
4019900,-73.93527484170212,40.738053915531914
4020200,-73.80765259222223,40.68973808444444
4020400,-73.80478205826667,40.69412468813333
4020500,-73.92073269764705,40.73105744617647
4020600,-73.80914242134615,40.69445661538461
4020800,-73.80658678132531,40.69769420216867
4021200,-73.8110417128125,40.700911191875
4021400,-73.81492160571429,40.70595769408163
4021600,-73.82236824736842,40.70765176526316
4021900,-73.91598316416666,40.72306854083333
4022001,-73.82023811135136,40.713966526621626
4022002,-73.81450715385965,40.713347064035084
4022900,-73.9105640582353,40.73636212235294
4023000,-73.80823017409091,40.71247821886364
4023200,-73.81055239098039,40.709696615686276
4023500,-73.9177310075926,40.74011444185185
4023600,-73.80496037814815,40.70736086
4023800,-73.80920696885714,40.704829695142855
4024000,-73.80540039534483,40.70322626551724
4024300,-73.9003558222689,40.73702474193277
4024500,-73.90501990172413,40.73940034086207
4024600,-73.79569922954546,40.70073808681818
4024700,-73.899349674375,40.742313525
4024900,-73.90444852723404,40.74315595085106
4025100,-73.90937149065216,40.74476056304348
4025301,-73.91652063866667,40.74478281166667
4025302,-73.9134283808,40.7441788248
4025400,-73.79471496826088,40.69657884086957
4025500,-73.90775914783784,40.74981059054054
4025700,-73.90480729214286,40.75016359214286
4025800,-73.78681699409091,40.69607699568182
4025900,-73.90328105240741,40.74892982537037
4026000,-73.79443920272728,40.69199405295455
4026100,-73.90042792645833,40.74738883291666
4026200,-73.79299374928571,40.69067120535714
4026300,-73.89708805195653,40.74562227478261
4026400,-73.78558642745455,40.69245052218182
4026500,-73.89293366227274,40.74490600227273
4026600,-73.78164913125,40.691915759749996
4026700,-73.8884249728125,40.745187185625
4026901,-73.8821859765,40.746814820000004
4026902,-73.88284146153846,40.744561231153845
4027000,-73.79177112142857,40.688373717428576
4027100,-73.87920883413793,40.745600342413795
4027200,-73.79178609064516,40.68414292290323
4027300,-73.87307669083333,40.752763118958335
4027400,-73.78897174,40.68483999068965
4027500,-73.875569669375,40.752096815
4027600,-73.78627717206896,40.68755484862069
4027700,-73.87795305649999,40.75307547925
4027800,-73.78223907615384,40.68644395423077
4027900,-73.88023965944444,40.75196268111111
4028000,-73.7797405015,40.68841295725
4028100,-73.88263319902438,40.75266072536585
4028200,-73.77391148641026,40.685103220512815
4028300,-73.88491739307693,40.75168177282051
4028400,-73.77795681837209,40.682642186046515
4028500,-73.88713407361111,40.75187719805555
4028700,-73.88951119604651,40.751158500232556
4028800,-73.78600812526317,40.6793282256391
4028900,-73.89187034577778,40.75132092
4029100,-73.89507752157895,40.751322822280706
4029300,-73.899827962,40.751653186
4029400,-73.78021157825688,40.67181691931192
4029500,-73.9069845315625,40.75568806
4029700,-73.90335451035088,40.757858846491224
4029900,-73.9015826375,40.762274075
4030600,-73.77442911544304,40.664542040696205
4030902,-73.89602119333334,40.758104743333334
4030903,-73.89001840753247,40.75789093974026
4030904,-73.88962509250001,40.76349557444444
4031700,-73.8933678025954,40.76946096213741
4032000,-73.7648080143617,40.66326605638298
4032700,-73.88542539472222,40.758480383333335
4032800,-73.75594073830509,40.671568845254235
4032900,-73.88277056869047,40.763824923928574
4033000,-73.76458927723927,40.669986809509204
4033100,-73.8884460725,40.769535965
4033401,-73.76638944243902,40.67984625621951
4033402,-73.7691284095946,40.673812849729735
4033700,-73.88261276142858,40.75879964171429
4033900,-73.87981874387097,40.758746251290326
4034700,-73.8776633301613,40.7658421133871
4035100,-73.87705617030302,40.7592689030303
4035200,-73.75779734009615,40.67952049346154
4035300,-73.87405920130435,40.759867891304346
4035700,-73.87215025583333,40.7672748096875
4035800,-73.7507872730986,40.67549542190141
4036100,-73.8725197088,40.7613839136
4036300,-73.86943878277778,40.75991205388889
4036500,-73.86575975000001,40.75971913891305
4036600,-73.76306980407406,40.685851839074076
4036700,-73.86830238285715,40.76329622628572
4036800,-73.76621705863637,40.68558270204546
4037100,-73.86428157363636,40.76448103227273
4037300,-73.86085355634145,40.75991291560976
4037500,-73.86999761928571,40.751393387142855
4037600,-73.754165688,40.687410248
4037700,-73.86864379822222,40.75552964
4037900,-73.86406178166666,40.75555862611112
4038100,-73.85857227359375,40.756191684375
4038301,-73.842232259,40.760483713
4038302,-73.835352425,40.73938538611111
4038400,-73.74721543312499,40.693162942875
4039400,-73.75891962679012,40.68959642358025
4039800,-73.76446673666666,40.69463403481482
4039900,-73.85344291,40.751789502
4040000,-73.76472896688524,40.69799812721311
4040100,-73.85706660828572,40.75177603114286
4040200,-73.76884074769231,40.69996338107692
4040300,-73.86058178249999,40.75087644166667
4040400,-73.77030773029412,40.70487529058824
4040500,-73.86285818148147,40.749401221481484
4040700,-73.86553632357143,40.74994229690476
4040900,-73.8676546627027,40.74960214189189
4041100,-73.865327368,40.74385882025
4041300,-73.86130335342105,40.744628169473685
4041400,-73.78212395026667,40.69905467106667
4041500,-73.85636493999999,40.74668262517242
4042400,-73.7727899041573,40.694960592022476
4042600,-73.77095817,40.689230132
4042700,-73.8537059426,40.7435055216
4043200,-73.77530723196078,40.691197350784314
4043400,-73.77850164207547,40.696306094905665
4043701,-73.8512809762069,40.73916071
4043702,-73.85659516975001,40.738041445
4043900,-73.85515082065217,40.741628364130435
4044000,-73.78485842079365,40.70254352238095
4044301,-73.8597118025926,40.740882765925925
4044302,-73.86446500773584,40.73954823679245
4044400,-73.7856358311628,40.70630841069767
4044601,-73.79796823638888,40.7050032475
4044602,-73.79987817727273,40.70810653818182
4044800,-73.80240576846154,40.711309153589745
4045000,-73.80468960788461,40.714091053846154
4045200,-73.80052581235293,40.71483251529412
4045400,-73.79589719931818,40.713148242954546
4045500,-73.86211195666667,40.73592055
4045600,-73.7937277936,40.7164640162
4045700,-73.86962102722222,40.737844035555554
4045800,-73.79122373081081,40.71518465783784
4045900,-73.8703471590909,40.739942490909094
4046000,-73.79342448239437,40.708533178732395
4046100,-73.87198255709679,40.74154376451613
4046200,-73.7882568642373,40.7098543101695
4046300,-73.871682179375,40.7445386325
4046400,-73.78652443116279,40.716916748604646
4046500,-73.8703330768889,40.747076247555555
4046600,-73.78501856481482,40.713990414074075
4046700,-73.8745713981081,40.74549287405405
4046800,-73.78189428695653,40.710691552826084
4046900,-73.87714673136364,40.74515806477273
4047000,-73.77750799454546,40.711318580454545
4047100,-73.87661005181818,40.7406406439394
4047200,-73.778591522375,40.71727626875
4047300,-73.87614160461538,40.73733911769231
4047500,-73.87607566821917,40.733912392739725
4047600,-73.77088135928571,40.72237179785714
4047800,-73.7654368045238,40.71907554035714
4047900,-73.88279597971015,40.735100243043476
4048000,-73.77286785467741,40.71298521290323
4048100,-73.885049135,40.74211994916667
4048200,-73.76842244111111,40.714555407111106
4048300,-73.89252880666666,40.741774868444445
4048400,-73.7599301616279,40.716050064883724
4048500,-73.8837933068421,40.73966892175439
4048900,-73.89257876173913,40.73711949326087
4049200,-73.75777241623189,40.72194941014492
4049301,-73.89431443289473,40.73210101947368
4049302,-73.89208854786885,40.7277871709836
4049500,-73.89119738071429,40.724943822142855
4049600,-73.75280156445783,40.716892172530116
4049700,-73.89020688513514,40.73162315162162
4049900,-73.88263932807018,40.73142987070175
4050000,-73.76444580859649,40.71181454491228
4050201,-73.76459699736843,40.708903453947364
4050202,-73.75946274879999,40.710373038600004
4050400,-73.764557128,40.70518714538461
4050500,-73.87485052515152,40.728910117272726
4050600,-73.75971584326923,40.70585542076923
4050700,-73.8806809356962,40.72685619063291
4050800,-73.75547417087719,40.70706011298246
4051000,-73.754084678125,40.710233678125
4051100,-73.89960254633334,40.727168732833334
4051200,-73.7498583949,40.7104062916
4051300,-73.89748867568628,40.73181019254902
4051500,-73.90136256195652,40.7314763473913
4051600,-73.74709129837838,40.70296753864865
4051700,-73.89982445642856,40.72430696160715
4051800,-73.752077194,40.702407951714285
4052000,-73.75497381121951,40.70157465268293
4052100,-73.90175735129031,40.72101242806452
4052200,-73.75771229666667,40.701148823333334
4052400,-73.76176449212767,40.70119923510639
4052500,-73.90597040487805,40.71899449365854
4052600,-73.75981624622221,40.697053195555554
4052800,-73.75908274625,40.693835793750004
4053000,-73.75273133395349,40.69607310139535
4053100,-73.90810407465116,40.72285255988372
4053200,-73.74917087413043,40.70044003130435
4053401,-73.74358851357144,40.69995285875
4053500,-73.91321993333334,40.71550605083333
4053601,-73.74599969685714,40.70664209228571
4053800,-73.74252546869566,40.706534416521734
4053900,-73.91683452583334,40.70950185708333
4054000,-73.74276751222223,40.71245502511111
4054200,-73.74688638604938,40.71937296141975
4054500,-73.91260482666667,40.7055996774359
4054700,-73.909695905,40.703642152045454
4054800,-73.75166443075472,40.72304467207547
4054900,-73.90761821411765,40.70232279705883
4055100,-73.90397218620689,40.70141911862069
4055200,-73.74841507571429,40.727751686753244
4055300,-73.9061496067647,40.69932388676471
4055400,-73.7395961914,40.7277957478
4055500,-73.90258417461538,40.697950731153846
4055600,-73.74472877125,40.725265290624996
4055700,-73.89890212533334,40.69893213466666
4055800,-73.74197168166667,40.722323120333336
4055900,-73.901874205625,40.69473079
4056000,-73.73636535689188,40.725634003378374
4056100,-73.89028993333334,40.68849398333333
4056200,-73.73311748960785,40.72467205078432
4056400,-73.73370538447368,40.721584325
4056500,-73.89663370818181,40.69397400363636
4056600,-73.7384970790566,40.7199423590566
4056700,-73.8922180324138,40.6970650283908
4056800,-73.73393991067114,40.7151034109396
4057700,-73.8908938952,40.7004620412
4057900,-73.89000583086955,40.703608628695655
4058000,-73.73159858364485,40.70727613719626
4058100,-73.8936049214634,40.70436017658536
4058200,-73.73769328973684,40.70663953850877
4058300,-73.89788577541667,40.701830406875
4058500,-73.89966613794117,40.704334349411766
4058700,-73.9004535490625,40.7070613353125
4058900,-73.90505958540984,40.7062637152459
4059000,-73.73679632000001,40.70116737121951
4059100,-73.90977062790321,40.708019729193545
4059200,-73.73089861333332,40.70163999733334
4059300,-73.90267879621213,40.71001550257576
4059400,-73.73077527395833,40.698310205
4059500,-73.90832497925531,40.7132836693617
4059600,-73.7371227555,40.697122684
4059800,-73.74072573714287,40.69807788714286
4059900,-73.90284491419354,40.717122272903225
4060000,-73.7333856672973,40.69502796945946
4060100,-73.9029220090625,40.715090019375
4060300,-73.89872287078947,40.71409185421053
4060600,-73.73516493673077,40.6917732801923
4060701,-73.8925349725,40.7177210725
4060800,-73.7413123575,40.693523402272724
4061000,-73.74285135282051,40.690511941794874
4061200,-73.73651062180328,40.68836015622951
4061301,-73.89546605594595,40.708884706081086
4061400,-73.72982362254545,40.68626862109091
4061601,-73.73177592171717,40.68206505939394
4061602,-73.72858657,40.67726893064516
4061800,-73.73692727888888,40.67667800314815
4061900,-73.87693032945454,40.710131110545454
4062000,-73.73736510688889,40.680843886666665
4062100,-73.87314697925926,40.710531887407406
4062200,-73.72936779045976,40.69186996137931
4062300,-73.87816924065217,40.70427903347826
4062400,-73.74437367666667,40.68756151
4062500,-73.88269032957446,40.70426432659575
4062600,-73.74812054157303,40.68174071505618
4062700,-73.88656406895834,40.70397425520833
4062900,-73.88260230099999,40.701077349799995
4063000,-73.74403846866667,40.679381352
4063200,-73.7406838890411,40.676384656027395
4063301,-73.87447760692308,40.70434009
4063302,-73.87169683875,40.7053745628125
4063500,-73.86696110574074,40.70489396740741
4063700,-73.8623175956842,40.70810706347369
4063800,-73.73192357642857,40.66971311535714
4063900,-73.85719403355931,40.70383398644068
4064101,-73.85209870333333,40.698858658888895
4064102,-73.85235702071428,40.70101225928572
4064500,-73.85022258874999,40.70916770303571
4064600,-73.74227010957627,40.6728225670339
4065000,-73.74491166416,40.669591593279996
4065400,-73.73845302921053,40.66247928087719
4065501,-73.8647666425,40.715840237500004
4065600,-73.73025446705883,40.66074942742647
4065702,-73.88271818428572,40.71340045392857
4065703,-73.87554990327868,40.715126719836064
4065900,-73.8819806745283,40.71567296471698
4066000,-73.73352658066038,40.65861933773585
4066100,-73.88208357352941,40.717394391470584
4066300,-73.87540058072916,40.72175102770833
4066400,-73.73732326021552,40.65419076862069
4066501,-73.88759663875,40.719093717499995
4066701,-73.8916607965625,40.721808853125
4066900,-73.8858171384375,40.7237658603125
4067100,-73.87843263285716,40.72458319571428
4067700,-73.87251422523809,40.71910993301587
4067900,-73.86986244957747,40.72370467295775
4068000,-73.75109933363636,40.663030134055944
4068200,-73.75070277910713,40.668100654642856
4068300,-73.86821931441176,40.735390715294116
4068700,-73.8688731444,40.7301709592
4069000,-73.75544944253012,40.66026693903614
4069300,-73.86333694321429,40.7287036575
4069400,-73.7506572497561,40.65641891158537
4069500,-73.86750181428572,40.72599660228572
4069701,-73.85971107333333,40.7271109047619
4069702,-73.86278306403845,40.72204174490385
4070300,-73.85976789641026,40.716623517692305
4070700,-73.85562602277777,40.715297891666665
4070900,-73.85507169929825,40.71925223929825
4071100,-73.85175341472727,40.72162721
4071303,-73.84930014939394,40.725607173030305
4071304,-73.85416055441176,40.728847413529415
4071305,-73.851708199,40.724357745999995
4071306,-73.8559990862857,40.726205146285714
4071600,-73.79113962,40.66000701
4071701,-73.85940687378378,40.730833155945945
4071702,-73.86297386451614,40.73318124580645
4071900,-73.85570697736841,40.73455629736842
4072100,-73.85342937658537,40.731081601463416
4072300,-73.84822965405797,40.715356792898554
4072900,-73.85224062142856,40.71272293102041
4073100,-73.84644975212767,40.71095859808511
4073700,-73.8428525876923,40.718888558461536
4073900,-73.84425855014493,40.723420258405795
4074100,-73.84711142531916,40.72835156106383
4074300,-73.849168932,40.73214272075
4074500,-73.85134228000001,40.73566342645161
4074700,-73.845386938,40.7328062682
4074900,-73.84099596384615,40.71294191
4075701,-73.83537627530612,40.71848421387755
4075702,-73.84039404860465,40.72450919
4076901,-73.83789981142857,40.71747832095238
4076902,-73.83403277481482,40.715138048888896
4077300,-73.83277643655173,40.7116798537931
4077500,-73.83223314686275,40.70909935235294
4077902,-73.8242680780198,40.72547100524753
4077903,-73.82137781894738,40.71942178894737
4077904,-73.81403833663266,40.72099691061224
4077905,-73.813961401,40.717099761
4077906,-73.8196374665,40.729057221
4077907,-73.81855274727273,40.72495153509091
4077908,-73.81406048205884,40.72592404558823
4078800,-73.79054872814815,40.66927013888889
4079000,-73.79618601909091,40.672298773030306
4079200,-73.79621659858974,40.6691111024359
4079701,-73.82504746375,40.75290326
4079702,-73.82955876114286,40.75213572971428
4079900,-73.82747017383561,40.74689787780822
4080301,-73.83052623936709,40.744969046455694
4080302,-73.82581631439253,40.74024131663551
4080900,-73.82343733565656,40.73235060171717
4081400,-73.80411225729412,40.67049094588236
4081800,-73.80922939761905,40.67064955523809
4083700,-73.81919995146342,40.743420990243905
4083800,-73.81957033175,40.670346183583334
4084000,-73.81805872478992,40.673748792941176
4084500,-73.81922882083333,40.74930027027778
4084601,-73.8215182848,40.6671545388
4084602,-73.81332689519999,40.664809098599996
4084900,-73.8321319934375,40.755012474375
4085300,-73.82765568079999,40.7567854548
4085500,-73.82331673440001,40.7595664416
4085700,-73.82283733470588,40.75695980941176
4085900,-73.82049406257143,40.75543179257143
4086100,-73.8175495484375,40.7564655846875
4086300,-73.81985215571429,40.76138531071428
4086400,-73.83316463404762,40.67654155142857
4086500,-73.82510451615384,40.76265086346154
4086900,-73.83229836348485,40.763878645
4087100,-73.83172353027027,40.76002747351352
4088400,-73.83500287147059,40.658927100462186
4088901,-73.82778326971697,40.772681758396224
4089200,-73.84501190661138,40.6561683600237
4090700,-73.84131709407895,40.77444350907895
4091601,-73.90621181,40.561176555
4091800,-73.86418638,40.568742725
4091900,-73.8452853451,40.777205679
4092200,-73.86080853695121,40.57307719981707
4092500,-73.84463851648935,40.78266030446808
4092800,-73.85361032081482,40.57529727851852
4092900,-73.85007006604476,40.78665310208955
4093401,-73.84701622802083,40.5783804175
4093402,-73.84114116981819,40.579348568545456
4093800,-73.82997567609756,40.581664662195124
4093900,-73.84362565914894,40.790879151134746
4094201,-73.81967126518519,40.58466935925926
4094202,-73.80725531213115,40.58926573967213
4094203,-73.81034530766667,40.586445089
4094500,-73.8309297165244,40.788123757621946
4094700,-73.84196235375,40.7859148896875
4095400,-73.79912524422222,40.592903400000004
4096400,-73.7936743936559,40.595082416559144
4097202,-73.78698537333334,40.590858510000004
4097203,-73.7791755675,40.59648167125
4097204,-73.77975184591837,40.59407679265306
4097300,-73.82059318989583,40.7934110046875
4098100,-73.81586955158416,40.79409742247525
4098700,-73.80932894908163,40.792129009897955
4099100,-73.80057364048544,40.789850523592236
4099200,-73.7680266452381,40.59633077984127
4099701,-73.79135779158416,40.77907907584159
4099703,-73.77671656891893,40.78430375864865
4099704,-73.78089846956522,40.782412130000004
4099705,-73.7842548936842,40.78611809
4099801,-73.75725165630435,40.598159404565216
4099802,-73.75914912318181,40.59449145909091
4100801,-73.76708957845071,40.60972060112676
4100802,-73.76271094878206,40.60316844711539
4101001,-73.74861655603604,40.59907849405405
4101002,-73.74155748475248,40.59979049564357
4101700,-73.79851139908213,40.779828851835745
4102900,-73.80685855801724,40.783405831120696
4103201,-73.75540787755556,40.60796985488889
4103202,-73.74686169503876,40.60675462209302
4103300,-73.80961386392593,40.77914180925926
4103900,-73.81884272681818,40.784173012329546
4104700,-73.81991559566326,40.77481223545919
4105900,-73.80669917858825,40.77358162605882
4107201,-73.81973589519231,40.60563770346154
4107202,-73.82925755,40.631845395
4108500,-73.7900145926087,40.772224542173916
4109300,-73.77672383735295,40.77509445154412
4109700,-73.77767339474748,40.769839244949495
4109900,-73.78659421076087,40.7676529976087
4111300,-73.76557436894737,40.767007292982456
4112300,-73.77125091261905,40.766319978690476
4112900,-73.77664514166666,40.76541369277778
4113300,-73.78335046042858,40.76417118971429
4113900,-73.79051709557692,40.76432788576923
4114100,-73.79685670098215,40.76943231026786
4114700,-73.80198530253521,40.76858915521127
4115100,-73.80757635561403,40.76846342614036
4115500,-73.81188567641509,40.767907558867925
4115700,-73.81509238649484,40.76756329041237
4115900,-73.82035849731344,40.76847905850746
4116100,-73.82578905185186,40.767516996666664
4116300,-73.81892957153846,40.763653123846154
4116700,-73.81332535583333,40.762104434375
4117100,-73.80650335926829,40.76328403134146
4117500,-73.79607552435897,40.76122576649573
4118100,-73.78735805433962,40.759488017924525
4118500,-73.80286543177778,40.759310688444444
4118700,-73.81271628772727,40.75963721045454
4118900,-73.81232185784313,40.75661454294117
4119100,-73.80660170888889,40.7566668562963
4119300,-73.79953944157894,40.757144848684206
4119500,-73.79906883727273,40.75482663090909
4119900,-73.8097043132353,40.75295640117647
4120100,-73.81388226300001,40.75309913375
4120300,-73.81274603948276,40.748870574827585
4120500,-73.81680326978261,40.75100473347826
4120700,-73.80241836469388,40.7499402005102
4121100,-73.80480281363636,40.74555119454545
4121500,-73.8083595196875,40.74048781270833
4122300,-73.79949377432835,40.73479194402985
4122701,-73.80640373775701,40.733645941121495
4122702,-73.81277278270834,40.73453326854167
4124100,-73.80228506688742,40.72706811649007
4124700,-73.79666224249999,40.728374750250005
4125700,-73.80765016206186,40.724047431855666
4126500,-73.80335219442307,40.72048025423077
4126700,-73.7994111205747,40.719278386206895
4127700,-73.78279064979488,40.72502444451282
4128300,-73.7689645392857,40.73456918428571
4129102,-73.75496830623376,40.731591287792206
4129103,-73.75968653344827,40.73553842068965
4129104,-73.75006586156626,40.737757138313256
4130100,-73.73860172008695,40.73369948156522
4133300,-73.77862970517857,40.73222993366072
4133900,-73.79031531375,40.7287972546875
4134100,-73.79128456043796,40.735274517956206
4134700,-73.78078195670732,40.73762162317073
4136700,-73.76112407714285,40.744349646428574
4137700,-73.74959473452991,40.746903708376074
4138501,-73.75256935265733,40.75433758181818
4138502,-73.74799995250001,40.7474473775
4139900,-73.76182552810344,40.7500712612069
4140300,-73.76959527128204,40.748371180384616
4140901,-73.7754377525,40.74695339454546
4140902,-73.78230265372262,40.74509117642336
4141700,-73.79142096929824,40.74513717149123
4142900,-73.78429917845638,40.75062818557047
4143500,-73.7705847124138,40.75275954758621
4144100,-73.7640482669663,40.7560391805618
4144700,-73.77221196868132,40.75669179010989
4145101,-73.78471769467743,40.75494366129032
4145102,-73.77836763021052,40.753548590421055
4145900,-73.79168087893618,40.7537567756383
4146300,-73.78086993666666,40.75907005925926
4146700,-73.77302054659091,40.76105351409091
4147100,-73.76386533830188,40.76146370943396
4147900,-73.74088992283687,40.770913473049646
4148300,-73.7500726696139,40.77537378204633
4150701,-73.73969380073298,40.76218801528796
4150702,-73.73105093393548,40.76637578593548
4152901,-73.73368121360001,40.7537602833
4152902,-73.72387869447552,40.7595860072028
4155101,-73.718314205,40.757458854999996
4155102,-73.713086153237,40.751085965953756
4156700,-73.73173651375,40.73769199625
4157101,-73.71928779416383,40.73813308300342
4157102,-73.72546168955881,40.73427970588235
4157901,-73.70473780756757,40.74533004752253
4157902,-73.712324022,40.74168333826316
4157903,-73.7073201976684,40.73389459813472
4161700,-73.71768132359281,40.72906194437125
4162100,-73.72964556900553,40.728315655856356
5000300,-74.0765403067742,40.641301387096775
5000600,-74.06458457837839,40.613676545405404
5000700,-74.08310765205128,40.6457774374359
5000800,-74.06758844007194,40.61215509611511
5000900,-74.0826859490909,40.64213507522727
5001100,-74.08252444857142,40.63865442257143
5001700,-74.0814547252174,40.634085096956525
5001800,-74.06059179,40.60644758
5002001,-74.07221284196429,40.60785921946428
5002002,-74.0709726491358,40.601005440987656
5002100,-74.07836842689923,40.63004252488372
5002700,-74.0770762625,40.62487099916667
5002900,-74.08356983593406,40.61855426054945
5003300,-74.08519187872727,40.62775017363636
5003600,-74.07508648107692,40.61084546169231
5003900,-74.09183161806452,40.6226431483871
5004000,-74.08243352042425,40.613097794484844
5004700,-74.09688715328359,40.615074707910445
5005000,-74.0877261792157,40.603953879019606
5005900,-74.1019906594186,40.624989669767444
5006400,-74.07785470810344,40.59747005818965
5006700,-74.1020362171831,40.63393820894366
5007000,-74.08039528937238,40.59091508736402
5007400,-74.06587494242856,40.59544870928572
5007500,-74.09162916355932,40.633486862881355
5007700,-74.08999258707317,40.638374121463414
5008100,-74.09403132760417,40.642325888020835
5009601,-74.08864231278196,40.59645595240602
5009602,-74.09514098083969,40.59084831824428
5009700,-74.11042976666667,40.64057604333333
5010500,-74.11231320007752,40.63384228635659
5011201,-74.09066728704082,40.579971929336736
5011202,-74.0964577588,40.57331197216
5011401,-74.098087077125,40.585894573874995
5011402,-74.10517357919642,40.58121350125
5012100,-74.1097163719663,40.626448293539326
5012200,-74.11153437655,40.576026336700004
5012500,-74.118599917,40.62878879983334
5012804,-74.10458476281251,40.56451437166667
5012805,-74.12006360913462,40.55715761269231
5012806,-74.11238268921213,40.56037520569697
5013201,-74.12185395575757,40.56419519313132
5013203,-74.14219408054187,40.549890930246306
5013204,-74.13028487680498,40.55898807987552
5013301,-74.1192553975,40.6352122175
5013302,-74.12293608615386,40.63476269707692
5013400,-74.117644005,40.57007957659483
5013800,-74.13237642,40.57040894675676
5014100,-74.126793398125,40.6286802125
5014604,-74.158836316599,40.55054395218274
5014605,-74.15022179596859,40.558654986649216
5014606,-74.1427801102353,40.562205918941174
5014607,-74.16368629983334,40.55697656166667
5014608,-74.15670581064516,40.558817206451614
5014700,-74.1196350357732,40.61803420051546
5015100,-74.1274748231579,40.61982093878947
5015601,-74.1543539802518,40.54201368830935
5015602,-74.16211430019803,40.536277252029706
5015603,-74.14796483507692,40.537989796846155
5016901,-74.10819441185484,40.61259210975806
5017005,-74.17920419816424,40.53927056695652
5017007,-74.18407883,40.55979940785714
5017008,-74.17957995876847,40.555753314236455
5017009,-74.19042437699481,40.54310091777202
5017010,-74.19589119572193,40.55057884652406
5017011,-74.17024946952702,40.545807278378376
5017012,-74.17285647588571,40.552756116742856
5017300,-74.11828099986487,40.60497843689189
5017600,-74.17318940166668,40.530484312098764
5017700,-74.10195462773585,40.60124507584906
5018100,-74.1194929283908,40.5851474208046
5018701,-74.12729288973685,40.610593478157895
5018702,-74.12611148995833,40.60301251929166
5018901,-74.1401280062844,40.612018625733945
5018902,-74.13782421700729,40.60494558642336
5019700,-74.13595964445454,40.61766713045455
5019800,-74.19973795183036,40.521007929642856
5020100,-74.13445636050956,40.62285942038217
5020700,-74.13401688864661,40.637256705864665
5020801,-74.21109134465863,40.547341002249
5020803,-74.20894752624434,40.53368626411764
5020804,-74.19975419711864,40.536060262415255
5021300,-74.13726645072727,40.63268211127273
5022300,-74.15349090032258,40.63588944322581
5022600,-74.22535264941861,40.530304601976745
5022800,-74.17787798714286,40.57926764
5023100,-74.15664028528735,40.63042869505747
5023900,-74.14932062877777,40.62841474411111
5024401,-74.24251037329897,40.50791111283505
5024402,-74.24051494163636,40.50235266227273
5024700,-74.1411595635849,40.62750044226415
5024800,-74.24383041679012,40.513322216975304
5025100,-74.14483481306772,40.618422509521906
5027301,-74.15399904025,40.598258958875
5027302,-74.13726778728154,40.59881685553398
5027702,-74.16333587944445,40.57898562055556
5027704,-74.15177267551283,40.585802595897434
5027705,-74.15673276923077,40.58814738326923
5027706,-74.16140796610169,40.591341721525424
5027900,-74.13650158867924,40.574535142830186
5029102,-74.187621436375,40.594477331125
5029103,-74.16664217917159,40.60256723260355
5029104,-74.16339284950354,40.61382568595745
5030301,-74.15732585261364,40.61875169204546
5030302,-74.16017030263735,40.62443117582418
5031901,-74.16383147361702,40.630113451914895
5031902,-74.16599371241936,40.63724810322581
5032300,-74.17229693478261,40.63049113869565
